layer,family,instance,method,value,reference,reference_kind,matches_reference,gap_to_reference,bound,proven_optimal,feasible,seconds,n,nodes,lp_bound,bound_improvement_vs_lp,columns,used_dive,used_arcflow
L0 knapsack,Pisinger uncorrelated,knapPI_1_50_1000_1,DP (numba),8373.0,8373.0,published optimum,True,0.0,,True,True,0.12623999995412305,50.0,,,,,,
L0 knapsack,Pisinger uncorrelated,knapPI_1_50_1000_1,branch & bound,8373.0,8373.0,published optimum,True,0.0,,True,True,0.001566208025906235,50.0,122.0,,,,,
L0 knapsack,Pisinger uncorrelated,knapPI_1_50_1000_2,DP (numba),5847.0,5847.0,published optimum,True,0.0,,True,True,1.775001874193549e-05,50.0,,,,,,
L0 knapsack,Pisinger uncorrelated,knapPI_1_50_1000_2,branch & bound,5847.0,5847.0,published optimum,True,0.0,,True,True,1.6624981071799994e-05,50.0,60.0,,,,,
L0 knapsack,Pisinger uncorrelated,knapPI_1_50_1000_3,DP (numba),5962.0,5962.0,published optimum,True,0.0,,True,True,1.3625016435980797e-05,50.0,,,,,,
L0 knapsack,Pisinger uncorrelated,knapPI_1_50_1000_3,branch & bound,5962.0,5962.0,published optimum,True,0.0,,True,True,1.0374991688877344e-05,50.0,60.0,,,,,
L0 knapsack,Pisinger uncorrelated,knapPI_1_50_1000_4,DP (numba),4888.0,4888.0,published optimum,True,0.0,,True,True,1.4999997802078724e-05,50.0,,,,,,
L0 knapsack,Pisinger uncorrelated,knapPI_1_50_1000_4,branch & bound,4888.0,4888.0,published optimum,True,0.0,,True,True,8.542032446712255e-06,50.0,128.0,,,,,
L0 knapsack,Pisinger uncorrelated,knapPI_1_50_1000_5,DP (numba),4889.0,4889.0,published optimum,True,0.0,,True,True,2.5749963242560625e-05,50.0,,,,,,
L0 knapsack,Pisinger uncorrelated,knapPI_1_50_1000_5,branch & bound,4889.0,4889.0,published optimum,True,0.0,,True,True,8.999952115118504e-06,50.0,85.0,,,,,
L0 knapsack,Pisinger uncorrelated,knapPI_1_50_1000_6,DP (numba),8181.0,8181.0,published optimum,True,0.0,,True,True,2.4958979338407516e-05,50.0,,,,,,
L0 knapsack,Pisinger uncorrelated,knapPI_1_50_1000_6,branch & bound,8181.0,8181.0,published optimum,True,0.0,,True,True,8.624978363513947e-06,50.0,92.0,,,,,
L0 knapsack,Pisinger uncorrelated,knapPI_1_50_1000_7,DP (numba),6033.0,6033.0,published optimum,True,0.0,,True,True,3.270799061283469e-05,50.0,,,,,,
L0 knapsack,Pisinger uncorrelated,knapPI_1_50_1000_7,branch & bound,6033.0,6033.0,published optimum,True,0.0,,True,True,7.459020707756281e-06,50.0,121.0,,,,,
L0 knapsack,Pisinger uncorrelated,knapPI_1_50_1000_8,DP (numba),6865.0,6865.0,published optimum,True,0.0,,True,True,4.4000043999403715e-05,50.0,,,,,,
L0 knapsack,Pisinger uncorrelated,knapPI_1_50_1000_8,branch & bound,6865.0,6865.0,published optimum,True,0.0,,True,True,7.832946721464396e-06,50.0,156.0,,,,,
L0 knapsack,Pisinger uncorrelated,knapPI_1_50_1000_9,DP (numba),7082.0,7082.0,published optimum,True,0.0,,True,True,4.366703797131777e-05,50.0,,,,,,
L0 knapsack,Pisinger uncorrelated,knapPI_1_50_1000_9,branch & bound,7082.0,7082.0,published optimum,True,0.0,,True,True,7.458031177520752e-06,50.0,187.0,,,,,
L0 knapsack,Pisinger uncorrelated,knapPI_1_50_1000_10,DP (numba),7605.0,7605.0,published optimum,True,0.0,,True,True,5.9166981372982264e-05,50.0,,,,,,
L0 knapsack,Pisinger uncorrelated,knapPI_1_50_1000_10,branch & bound,7605.0,7605.0,published optimum,True,0.0,,True,True,7.1249669417738914e-06,50.0,130.0,,,,,
L0 knapsack,Pisinger uncorrelated,knapPI_1_50_1000_11,DP (numba),9533.0,9533.0,published optimum,True,0.0,,True,True,4.941597580909729e-05,50.0,,,,,,
L0 knapsack,Pisinger uncorrelated,knapPI_1_50_1000_11,branch & bound,9533.0,9533.0,published optimum,True,0.0,,True,True,6.791029591113329e-06,50.0,73.0,,,,,
L0 knapsack,Pisinger uncorrelated,knapPI_1_50_1000_12,DP (numba),7654.0,7654.0,published optimum,True,0.0,,True,True,8.070800686255097e-05,50.0,,,,,,
L0 knapsack,Pisinger uncorrelated,knapPI_1_50_1000_12,branch & bound,7654.0,7654.0,published optimum,True,0.0,,True,True,9.25001222640276e-06,50.0,320.0,,,,,
L0 knapsack,Pisinger uncorrelated,knapPI_1_50_1000_13,DP (numba),9577.0,9577.0,published optimum,True,0.0,,True,True,7.016595918685198e-05,50.0,,,,,,
L0 knapsack,Pisinger uncorrelated,knapPI_1_50_1000_13,branch & bound,9577.0,9577.0,published optimum,True,0.0,,True,True,6.875023245811462e-06,50.0,124.0,,,,,
L0 knapsack,Pisinger uncorrelated,knapPI_1_50_1000_14,DP (numba),11287.0,11287.0,published optimum,True,0.0,,True,True,7.579196244478226e-05,50.0,,,,,,
L0 knapsack,Pisinger uncorrelated,knapPI_1_50_1000_14,branch & bound,11287.0,11287.0,published optimum,True,0.0,,True,True,7.542024832218885e-06,50.0,276.0,,,,,
L0 knapsack,Pisinger uncorrelated,knapPI_1_50_1000_15,DP (numba),11828.0,11828.0,published optimum,True,0.0,,True,True,8.895900100469589e-05,50.0,,,,,,
L0 knapsack,Pisinger uncorrelated,knapPI_1_50_1000_15,branch & bound,11828.0,11828.0,published optimum,True,0.0,,True,True,6.624963134527206e-06,50.0,146.0,,,,,
L0 knapsack,Pisinger uncorrelated,knapPI_1_50_1000_16,DP (numba),10342.0,10342.0,published optimum,True,0.0,,True,True,8.779100608080626e-05,50.0,,,,,,
L0 knapsack,Pisinger uncorrelated,knapPI_1_50_1000_16,branch & bound,10342.0,10342.0,published optimum,True,0.0,,True,True,7.791968528181314e-06,50.0,318.0,,,,,
L0 knapsack,Pisinger uncorrelated,knapPI_1_50_1000_17,DP (numba),11265.0,11265.0,published optimum,True,0.0,,True,True,9.004201274365187e-05,50.0,,,,,,
L0 knapsack,Pisinger uncorrelated,knapPI_1_50_1000_17,branch & bound,11265.0,11265.0,published optimum,True,0.0,,True,True,6.624963134527206e-06,50.0,69.0,,,,,
L0 knapsack,Pisinger uncorrelated,knapPI_1_50_1000_18,DP (numba),11951.0,11951.0,published optimum,True,0.0,,True,True,0.00010179099626839161,50.0,,,,,,
L0 knapsack,Pisinger uncorrelated,knapPI_1_50_1000_18,branch & bound,11951.0,11951.0,published optimum,True,0.0,,True,True,9.707990102469921e-06,50.0,771.0,,,,,
L0 knapsack,Pisinger uncorrelated,knapPI_1_50_1000_19,DP (numba),12383.0,12383.0,published optimum,True,0.0,,True,True,9.74999857135117e-05,50.0,,,,,,
L0 knapsack,Pisinger uncorrelated,knapPI_1_50_1000_19,branch & bound,12383.0,12383.0,published optimum,True,0.0,,True,True,6.834045052528381e-06,50.0,86.0,,,,,
L0 knapsack,Pisinger uncorrelated,knapPI_1_50_1000_20,DP (numba),11321.0,11321.0,published optimum,True,0.0,,True,True,0.00013154203770682216,50.0,,,,,,
L0 knapsack,Pisinger uncorrelated,knapPI_1_50_1000_20,branch & bound,11321.0,11321.0,published optimum,True,0.0,,True,True,7.2499969974160194e-06,50.0,95.0,,,,,
L0 knapsack,Pisinger uncorrelated,knapPI_1_100_1000_1,DP (numba),9147.0,9147.0,published optimum,True,0.0,,True,True,2.641702303662896e-05,100.0,,,,,,
L0 knapsack,Pisinger uncorrelated,knapPI_1_100_1000_1,branch & bound,9147.0,9147.0,published optimum,True,0.0,,True,True,1.329201040789485e-05,100.0,303.0,,,,,
L0 knapsack,Pisinger uncorrelated,knapPI_1_100_1000_2,DP (numba),8600.0,8600.0,published optimum,True,0.0,,True,True,2.620898885652423e-05,100.0,,,,,,
L0 knapsack,Pisinger uncorrelated,knapPI_1_100_1000_2,branch & bound,8600.0,8600.0,published optimum,True,0.0,,True,True,9.750016033649445e-06,100.0,222.0,,,,,
L0 knapsack,Pisinger uncorrelated,knapPI_1_100_1000_3,DP (numba),9924.0,9924.0,published optimum,True,0.0,,True,True,4.7124980483204126e-05,100.0,,,,,,
L0 knapsack,Pisinger uncorrelated,knapPI_1_100_1000_3,branch & bound,9924.0,9924.0,published optimum,True,0.0,,True,True,8.792034350335598e-06,100.0,197.0,,,,,
L0 knapsack,Pisinger uncorrelated,knapPI_1_100_1000_4,DP (numba),10293.0,10293.0,published optimum,True,0.0,,True,True,7.016700692474842e-05,100.0,,,,,,
L0 knapsack,Pisinger uncorrelated,knapPI_1_100_1000_4,branch & bound,10293.0,10293.0,published optimum,True,0.0,,True,True,8.208968210965395e-06,100.0,118.0,,,,,
L0 knapsack,Pisinger uncorrelated,knapPI_1_100_1000_5,DP (numba),9391.0,9391.0,published optimum,True,0.0,,True,True,9.895797120407224e-05,100.0,,,,,,
L0 knapsack,Pisinger uncorrelated,knapPI_1_100_1000_5,branch & bound,9391.0,9391.0,published optimum,True,0.0,,True,True,8.125032763928175e-06,100.0,207.0,,,,,
L0 knapsack,Pisinger uncorrelated,knapPI_1_100_1000_6,DP (numba),15392.0,15392.0,published optimum,True,0.0,,True,True,0.00010287499753758311,100.0,,,,,,
L0 knapsack,Pisinger uncorrelated,knapPI_1_100_1000_6,branch & bound,15392.0,15392.0,published optimum,True,0.0,,True,True,8.917006198316813e-06,100.0,403.0,,,,,
L0 knapsack,Pisinger uncorrelated,knapPI_1_100_1000_7,DP (numba),10923.0,10923.0,published optimum,True,0.0,,True,True,0.00014495901996269822,100.0,,,,,,
L0 knapsack,Pisinger uncorrelated,knapPI_1_100_1000_7,branch & bound,10923.0,10923.0,published optimum,True,0.0,,True,True,1.0165967978537083e-05,100.0,600.0,,,,,
L0 knapsack,Pisinger uncorrelated,knapPI_1_100_1000_8,DP (numba),15181.0,15181.0,published optimum,True,0.0,,True,True,0.00016141694504767656,100.0,,,,,,
L0 knapsack,Pisinger uncorrelated,knapPI_1_100_1000_8,branch & bound,15181.0,15181.0,published optimum,True,0.0,,True,True,1.0000017937272787e-05,100.0,618.0,,,,,
L0 knapsack,Pisinger uncorrelated,knapPI_1_100_1000_9,DP (numba),14904.0,14904.0,published optimum,True,0.0,,True,True,0.0001681249705143273,100.0,,,,,,
L0 knapsack,Pisinger uncorrelated,knapPI_1_100_1000_9,branch & bound,14904.0,14904.0,published optimum,True,0.0,,True,True,9.374984074383974e-06,100.0,460.0,,,,,
L0 knapsack,Pisinger uncorrelated,knapPI_1_100_1000_10,DP (numba),17559.0,17559.0,published optimum,True,0.0,,True,True,0.00022866600193083286,100.0,,,,,,
L0 knapsack,Pisinger uncorrelated,knapPI_1_100_1000_10,branch & bound,17559.0,17559.0,published optimum,True,0.0,,True,True,8.833012543618679e-06,100.0,395.0,,,,,
L0 knapsack,Pisinger uncorrelated,knapPI_1_100_1000_11,DP (numba),18670.0,18670.0,published optimum,True,0.0,,True,True,0.0002227500081062317,100.0,,,,,,
L0 knapsack,Pisinger uncorrelated,knapPI_1_100_1000_11,branch & bound,18670.0,18670.0,published optimum,True,0.0,,True,True,8.666014764457941e-06,100.0,261.0,,,,,
L0 knapsack,Pisinger uncorrelated,knapPI_1_100_1000_12,DP (numba),18131.0,18131.0,published optimum,True,0.0,,True,True,0.00026524998247623444,100.0,,,,,,
L0 knapsack,Pisinger uncorrelated,knapPI_1_100_1000_12,branch & bound,18131.0,18131.0,published optimum,True,0.0,,True,True,8.29098280519247e-06,100.0,133.0,,,,,
L0 knapsack,Pisinger uncorrelated,knapPI_1_100_1000_13,DP (numba),19787.0,19787.0,published optimum,True,0.0,,True,True,0.00025987497065216303,100.0,,,,,,
L0 knapsack,Pisinger uncorrelated,knapPI_1_100_1000_13,branch & bound,19787.0,19787.0,published optimum,True,0.0,,True,True,8.333998266607523e-06,100.0,195.0,,,,,
L0 knapsack,Pisinger uncorrelated,knapPI_1_100_1000_14,DP (numba),22425.0,22425.0,published optimum,True,0.0,,True,True,0.00029445800464600325,100.0,,,,,,
L0 knapsack,Pisinger uncorrelated,knapPI_1_100_1000_14,branch & bound,22425.0,22425.0,published optimum,True,0.0,,True,True,1.0041985660791397e-05,100.0,260.0,,,,,
L0 knapsack,Pisinger uncorrelated,knapPI_1_100_1000_15,DP (numba),24044.0,24044.0,published optimum,True,0.0,,True,True,0.0003411250072531402,100.0,,,,,,
L0 knapsack,Pisinger uncorrelated,knapPI_1_100_1000_15,branch & bound,24044.0,24044.0,published optimum,True,0.0,,True,True,8.500006515532732e-06,100.0,164.0,,,,,
L0 knapsack,Pisinger uncorrelated,knapPI_1_100_1000_16,DP (numba),20564.0,20564.0,published optimum,True,0.0,,True,True,0.00034445797791704535,100.0,,,,,,
L0 knapsack,Pisinger uncorrelated,knapPI_1_100_1000_16,branch & bound,20564.0,20564.0,published optimum,True,0.0,,True,True,8.333008736371994e-06,100.0,274.0,,,,,
L0 knapsack,Pisinger uncorrelated,knapPI_1_100_1000_17,DP (numba),21897.0,21897.0,published optimum,True,0.0,,True,True,0.0003839579876512289,100.0,,,,,,
L0 knapsack,Pisinger uncorrelated,knapPI_1_100_1000_17,branch & bound,21897.0,21897.0,published optimum,True,0.0,,True,True,8.791976142674685e-06,100.0,368.0,,,,,
L0 knapsack,Pisinger uncorrelated,knapPI_1_100_1000_18,DP (numba),22941.0,22941.0,published optimum,True,0.0,,True,True,0.0004084160318598151,100.0,,,,,,
L0 knapsack,Pisinger uncorrelated,knapPI_1_100_1000_18,branch & bound,22941.0,22941.0,published optimum,True,0.0,,True,True,9.66701190918684e-06,100.0,485.0,,,,,
L0 knapsack,Pisinger uncorrelated,knapPI_1_100_1000_19,DP (numba),25817.0,25817.0,published optimum,True,0.0,,True,True,0.00039258296601474285,100.0,,,,,,
L0 knapsack,Pisinger uncorrelated,knapPI_1_100_1000_19,branch & bound,25817.0,25817.0,published optimum,True,0.0,,True,True,8.707982487976551e-06,100.0,279.0,,,,,
L0 knapsack,Pisinger uncorrelated,knapPI_1_100_1000_20,DP (numba),25048.0,25048.0,published optimum,True,0.0,,True,True,0.0004913330194540322,100.0,,,,,,
L0 knapsack,Pisinger uncorrelated,knapPI_1_100_1000_20,branch & bound,25048.0,25048.0,published optimum,True,0.0,,True,True,9.791983757168055e-06,100.0,528.0,,,,,
L0 knapsack,Pisinger uncorrelated,knapPI_1_200_1000_1,DP (numba),11238.0,11238.0,published optimum,True,0.0,,True,True,5.037500523030758e-05,200.0,,,,,,
L0 knapsack,Pisinger uncorrelated,knapPI_1_200_1000_1,branch & bound,11238.0,11238.0,published optimum,True,0.0,,True,True,2.5416025891900063e-05,200.0,621.0,,,,,
L0 knapsack,Pisinger uncorrelated,knapPI_1_200_1000_2,DP (numba),17058.0,17058.0,published optimum,True,0.0,,True,True,0.00014262500917539,200.0,,,,,,
L0 knapsack,Pisinger uncorrelated,knapPI_1_200_1000_2,branch & bound,17058.0,17058.0,published optimum,True,0.0,,True,True,1.7624988686293364e-05,200.0,541.0,,,,,
L0 knapsack,Pisinger uncorrelated,knapPI_1_200_1000_3,DP (numba),19084.0,19084.0,published optimum,True,0.0,,True,True,0.00021312502212822437,200.0,,,,,,
L0 knapsack,Pisinger uncorrelated,knapPI_1_200_1000_3,branch & bound,19084.0,19084.0,published optimum,True,0.0,,True,True,1.3832992408424616e-05,200.0,898.0,,,,,
L0 knapsack,Pisinger uncorrelated,knapPI_1_200_1000_4,DP (numba),24880.0,24880.0,published optimum,True,0.0,,True,True,0.0003037910209968686,200.0,,,,,,
L0 knapsack,Pisinger uncorrelated,knapPI_1_200_1000_4,branch & bound,24880.0,24880.0,published optimum,True,0.0,,True,True,1.4791963621973991e-05,200.0,532.0,,,,,
L0 knapsack,Pisinger uncorrelated,knapPI_1_200_1000_5,DP (numba),24000.0,24000.0,published optimum,True,0.0,,True,True,0.0004244159790687263,200.0,,,,,,
L0 knapsack,Pisinger uncorrelated,knapPI_1_200_1000_5,branch & bound,24000.0,24000.0,published optimum,True,0.0,,True,True,1.699995482340455e-05,200.0,2487.0,,,,,
L0 knapsack,Pisinger uncorrelated,knapPI_1_200_1000_6,DP (numba),30967.0,30967.0,published optimum,True,0.0,,True,True,0.00046795798698440194,200.0,,,,,,
L0 knapsack,Pisinger uncorrelated,knapPI_1_200_1000_6,branch & bound,30967.0,30967.0,published optimum,True,0.0,,True,True,1.5040975995361805e-05,200.0,688.0,,,,,
L0 knapsack,Pisinger uncorrelated,knapPI_1_200_1000_7,DP (numba),25458.0,25458.0,published optimum,True,0.0,,True,True,0.0005942080169916153,200.0,,,,,,
L0 knapsack,Pisinger uncorrelated,knapPI_1_200_1000_7,branch & bound,25458.0,25458.0,published optimum,True,0.0,,True,True,1.5208963304758072e-05,200.0,1264.0,,,,,
L0 knapsack,Pisinger uncorrelated,knapPI_1_200_1000_8,DP (numba),32434.0,32434.0,published optimum,True,0.0,,True,True,0.0006621250067837536,200.0,,,,,,
L0 knapsack,Pisinger uncorrelated,knapPI_1_200_1000_8,branch & bound,32434.0,32434.0,published optimum,True,0.0,,True,True,1.8625054508447647e-05,200.0,2171.0,,,,,
L0 knapsack,Pisinger uncorrelated,knapPI_1_200_1000_9,DP (numba),30232.0,30232.0,published optimum,True,0.0,,True,True,0.0007683750009164214,200.0,,,,,,
L0 knapsack,Pisinger uncorrelated,knapPI_1_200_1000_9,branch & bound,30232.0,30232.0,published optimum,True,0.0,,True,True,2.341700019314885e-05,200.0,2471.0,,,,,
L0 knapsack,Pisinger uncorrelated,knapPI_1_200_1000_10,DP (numba),39848.0,39848.0,published optimum,True,0.0,,True,True,0.0008837499772198498,200.0,,,,,,
L0 knapsack,Pisinger uncorrelated,knapPI_1_200_1000_10,branch & bound,39848.0,39848.0,published optimum,True,0.0,,True,True,1.7290993127971888e-05,200.0,1439.0,,,,,
L0 knapsack,Pisinger uncorrelated,knapPI_1_200_1000_11,DP (numba),38211.0,38211.0,published optimum,True,0.0,,True,True,0.0009394169901497662,200.0,,,,,,
L0 knapsack,Pisinger uncorrelated,knapPI_1_200_1000_11,branch & bound,38211.0,38211.0,published optimum,True,0.0,,True,True,1.6000005416572094e-05,200.0,1308.0,,,,,
L0 knapsack,Pisinger uncorrelated,knapPI_1_200_1000_12,DP (numba),36540.0,36540.0,published optimum,True,0.0,,True,True,0.0011923330021090806,200.0,,,,,,
L0 knapsack,Pisinger uncorrelated,knapPI_1_200_1000_12,branch & bound,36540.0,36540.0,published optimum,True,0.0,,True,True,1.4291959814727306e-05,200.0,653.0,,,,,
L0 knapsack,Pisinger uncorrelated,knapPI_1_200_1000_13,DP (numba),39670.0,39670.0,published optimum,True,0.0,,True,True,0.001238207973074168,200.0,,,,,,
L0 knapsack,Pisinger uncorrelated,knapPI_1_200_1000_13,branch & bound,39670.0,39670.0,published optimum,True,0.0,,True,True,1.550000160932541e-05,200.0,491.0,,,,,
L0 knapsack,Pisinger uncorrelated,knapPI_1_200_1000_14,DP (numba),41587.0,41587.0,published optimum,True,0.0,,True,True,0.0013853750424459577,200.0,,,,,,
L0 knapsack,Pisinger uncorrelated,knapPI_1_200_1000_14,branch & bound,41587.0,41587.0,published optimum,True,0.0,,True,True,1.5959027223289013e-05,200.0,1027.0,,,,,
L0 knapsack,Pisinger uncorrelated,knapPI_1_200_1000_15,DP (numba),47592.0,47592.0,published optimum,True,0.0,,True,True,0.0014918749802745879,200.0,,,,,,
L0 knapsack,Pisinger uncorrelated,knapPI_1_200_1000_15,branch & bound,47592.0,47592.0,published optimum,True,0.0,,True,True,1.5707977581769228e-05,200.0,1046.0,,,,,
L0 knapsack,Pisinger uncorrelated,knapPI_1_200_1000_16,DP (numba),44496.0,44496.0,published optimum,True,0.0,,True,True,0.0016156250494532287,200.0,,,,,,
L0 knapsack,Pisinger uncorrelated,knapPI_1_200_1000_16,branch & bound,44496.0,44496.0,published optimum,True,0.0,,True,True,2.0291015971451998e-05,200.0,2076.0,,,,,
L0 knapsack,Pisinger uncorrelated,knapPI_1_200_1000_17,DP (numba),42086.0,42086.0,published optimum,True,0.0,,True,True,0.0018311249441467226,200.0,,,,,,
L0 knapsack,Pisinger uncorrelated,knapPI_1_200_1000_17,branch & bound,42086.0,42086.0,published optimum,True,0.0,,True,True,1.733400858938694e-05,200.0,275.0,,,,,
L0 knapsack,Pisinger uncorrelated,knapPI_1_200_1000_18,DP (numba),45178.0,45178.0,published optimum,True,0.0,,True,True,0.0019113749731332064,200.0,,,,,,
L0 knapsack,Pisinger uncorrelated,knapPI_1_200_1000_18,branch & bound,45178.0,45178.0,published optimum,True,0.0,,True,True,2.3374974261969328e-05,200.0,1246.0,,,,,
L0 knapsack,Pisinger uncorrelated,knapPI_1_200_1000_19,DP (numba),52909.0,52909.0,published optimum,True,0.0,,True,True,0.0016840409953147173,200.0,,,,,,
L0 knapsack,Pisinger uncorrelated,knapPI_1_200_1000_19,branch & bound,52909.0,52909.0,published optimum,True,0.0,,True,True,1.5291967429220676e-05,200.0,450.0,,,,,
L0 knapsack,Pisinger uncorrelated,knapPI_1_200_1000_20,DP (numba),51217.0,51217.0,published optimum,True,0.0,,True,True,0.002162167045753449,200.0,,,,,,
L0 knapsack,Pisinger uncorrelated,knapPI_1_200_1000_20,branch & bound,51217.0,51217.0,published optimum,True,0.0,,True,True,3.08750313706696e-05,200.0,319.0,,,,,
L0 knapsack,Pisinger uncorrelated,knapPI_1_500_1000_1,DP (numba),28857.0,28857.0,published optimum,True,0.0,,True,True,0.00044541695388033986,500.0,,,,,,
L0 knapsack,Pisinger uncorrelated,knapPI_1_500_1000_1,branch & bound,28857.0,28857.0,published optimum,True,0.0,,True,True,3.462500171735883e-05,500.0,1189.0,,,,,
L0 knapsack,Pisinger uncorrelated,knapPI_1_500_1000_2,DP (numba),44338.0,44338.0,published optimum,True,0.0,,True,True,0.0011364590027369559,500.0,,,,,,
L0 knapsack,Pisinger uncorrelated,knapPI_1_500_1000_2,branch & bound,44338.0,44338.0,published optimum,True,0.0,,True,True,2.6999972760677338e-05,500.0,571.0,,,,,
L0 knapsack,Pisinger uncorrelated,knapPI_1_500_1000_3,DP (numba),50896.0,50896.0,published optimum,True,0.0,,True,True,0.001588959014043212,500.0,,,,,,
L0 knapsack,Pisinger uncorrelated,knapPI_1_500_1000_3,branch & bound,50896.0,50896.0,published optimum,True,0.0,,True,True,3.308296436443925e-05,500.0,3246.0,,,,,
L0 knapsack,Pisinger uncorrelated,knapPI_1_500_1000_4,DP (numba),61333.0,61333.0,published optimum,True,0.0,,True,True,0.0023956249933689833,500.0,,,,,,
L0 knapsack,Pisinger uncorrelated,knapPI_1_500_1000_4,branch & bound,61333.0,61333.0,published optimum,True,0.0,,True,True,4.454201553016901e-05,500.0,2929.0,,,,,
L0 knapsack,Pisinger uncorrelated,knapPI_1_500_1000_5,DP (numba),64487.0,64487.0,published optimum,True,0.0,,True,True,0.00313670898322016,500.0,,,,,,
L0 knapsack,Pisinger uncorrelated,knapPI_1_500_1000_5,branch & bound,64487.0,64487.0,published optimum,True,0.0,,True,True,4.483398515731096e-05,500.0,4216.0,,,,,
L0 knapsack,Pisinger uncorrelated,knapPI_1_500_1000_6,DP (numba),76936.0,76936.0,published optimum,True,0.0,,True,True,0.003683707967866212,500.0,,,,,,
L0 knapsack,Pisinger uncorrelated,knapPI_1_500_1000_6,branch & bound,76936.0,76936.0,published optimum,True,0.0,,True,True,5.5541982874274254e-05,500.0,2009.0,,,,,
L0 knapsack,Pisinger uncorrelated,knapPI_1_500_1000_7,DP (numba),73306.0,73306.0,published optimum,True,0.0,,True,True,0.00412720802705735,500.0,,,,,,
L0 knapsack,Pisinger uncorrelated,knapPI_1_500_1000_7,branch & bound,73306.0,73306.0,published optimum,True,0.0,,True,True,3.616698086261749e-05,500.0,800.0,,,,,
L0 knapsack,Pisinger uncorrelated,knapPI_1_500_1000_8,DP (numba),77551.0,77551.0,published optimum,True,0.0,,True,True,0.00468812498729676,500.0,,,,,,
L0 knapsack,Pisinger uncorrelated,knapPI_1_500_1000_8,branch & bound,77551.0,77551.0,published optimum,True,0.0,,True,True,4.174996865913272e-05,500.0,2051.0,,,,,
L0 knapsack,Pisinger uncorrelated,knapPI_1_500_1000_9,DP (numba),84468.0,84468.0,published optimum,True,0.0,,True,True,0.005543417006265372,500.0,,,,,,
L0 knapsack,Pisinger uncorrelated,knapPI_1_500_1000_9,branch & bound,84468.0,84468.0,published optimum,True,0.0,,True,True,3.683299291878939e-05,500.0,710.0,,,,,
L0 knapsack,Pisinger uncorrelated,knapPI_1_500_1000_10,DP (numba),92722.0,92722.0,published optimum,True,0.0,,True,True,0.006382666004355997,500.0,,,,,,
L0 knapsack,Pisinger uncorrelated,knapPI_1_500_1000_10,branch & bound,92722.0,92722.0,published optimum,True,0.0,,True,True,4.6833010856062174e-05,500.0,2981.0,,,,,
L0 knapsack,Pisinger uncorrelated,knapPI_1_500_1000_11,DP (numba),90267.0,90267.0,published optimum,True,0.0,,True,True,0.009108082973398268,500.0,,,,,,
L0 knapsack,Pisinger uncorrelated,knapPI_1_500_1000_11,branch & bound,90267.0,90267.0,published optimum,True,0.0,,True,True,4.733301466330886e-05,500.0,3633.0,,,,,
L0 knapsack,Pisinger uncorrelated,knapPI_1_500_1000_12,DP (numba),104349.0,104349.0,published optimum,True,0.0,,True,True,0.0073154999990947545,500.0,,,,,,
L0 knapsack,Pisinger uncorrelated,knapPI_1_500_1000_12,branch & bound,104349.0,104349.0,published optimum,True,0.0,,True,True,4.6667002607136965e-05,500.0,3157.0,,,,,
L0 knapsack,Pisinger uncorrelated,knapPI_1_500_1000_13,DP (numba),102905.0,102905.0,published optimum,True,0.0,,True,True,0.010848334000911564,500.0,,,,,,
L0 knapsack,Pisinger uncorrelated,knapPI_1_500_1000_13,branch & bound,102905.0,102905.0,published optimum,True,0.0,,True,True,4.791701212525368e-05,500.0,2331.0,,,,,
L0 knapsack,Pisinger uncorrelated,knapPI_1_500_1000_14,DP (numba),100336.0,100336.0,published optimum,True,0.0,,True,True,0.009022333018947393,500.0,,,,,,
L0 knapsack,Pisinger uncorrelated,knapPI_1_500_1000_14,branch & bound,100336.0,100336.0,published optimum,True,0.0,,True,True,5.8624951634556055e-05,500.0,4120.0,,,,,
L0 knapsack,Pisinger uncorrelated,knapPI_1_500_1000_15,DP (numba),114291.0,114291.0,published optimum,True,0.0,,True,True,0.010728708002716303,500.0,,,,,,
L0 knapsack,Pisinger uncorrelated,knapPI_1_500_1000_15,branch & bound,114291.0,114291.0,published optimum,True,0.0,,True,True,5.504104774445295e-05,500.0,2692.0,,,,,
L0 knapsack,Pisinger uncorrelated,knapPI_1_500_1000_16,DP (numba),110254.0,110254.0,published optimum,True,0.0,,True,True,0.010457917000167072,500.0,,,,,,
L0 knapsack,Pisinger uncorrelated,knapPI_1_500_1000_16,branch & bound,110254.0,110254.0,published optimum,True,0.0,,True,True,6.054097320884466e-05,500.0,1677.0,,,,,
L0 knapsack,Pisinger uncorrelated,knapPI_1_500_1000_17,DP (numba),113254.0,113254.0,published optimum,True,0.0,,True,True,0.012350792007055134,500.0,,,,,,
L0 knapsack,Pisinger uncorrelated,knapPI_1_500_1000_17,branch & bound,113254.0,113254.0,published optimum,True,0.0,,True,True,7.25829740986228e-05,500.0,6951.0,,,,,
L0 knapsack,Pisinger uncorrelated,knapPI_1_500_1000_18,DP (numba),115386.0,115386.0,published optimum,True,0.0,,True,True,0.01235183299286291,500.0,,,,,,
L0 knapsack,Pisinger uncorrelated,knapPI_1_500_1000_18,branch & bound,115386.0,115386.0,published optimum,True,0.0,,True,True,8.7958003859967e-05,500.0,3624.0,,,,,
L0 knapsack,Pisinger uncorrelated,knapPI_1_500_1000_19,DP (numba),126895.0,126895.0,published optimum,True,0.0,,True,True,0.013151457998901606,500.0,,,,,,
L0 knapsack,Pisinger uncorrelated,knapPI_1_500_1000_19,branch & bound,126895.0,126895.0,published optimum,True,0.0,,True,True,7.145898416638374e-05,500.0,4242.0,,,,,
L0 knapsack,Pisinger uncorrelated,knapPI_1_500_1000_20,DP (numba),134657.0,134657.0,published optimum,True,0.0,,True,True,0.01668162504211068,500.0,,,,,,
L0 knapsack,Pisinger uncorrelated,knapPI_1_500_1000_20,branch & bound,134657.0,134657.0,published optimum,True,0.0,,True,True,6.491702515631914e-05,500.0,4894.0,,,,,
L0 knapsack,Pisinger uncorrelated,knapPI_1_1000_1000_1,DP (numba),54503.0,54503.0,published optimum,True,0.0,,True,True,0.0021583749912679195,1000.0,,,,,,
L0 knapsack,Pisinger uncorrelated,knapPI_1_1000_1000_1,branch & bound,54503.0,54503.0,published optimum,True,0.0,,True,True,8.920795517042279e-05,1000.0,2855.0,,,,,
L0 knapsack,Pisinger uncorrelated,knapPI_1_1000_1000_2,DP (numba),88527.0,88527.0,published optimum,True,0.0,,True,True,0.004601208958774805,1000.0,,,,,,
L0 knapsack,Pisinger uncorrelated,knapPI_1_1000_1000_2,branch & bound,88527.0,88527.0,published optimum,True,0.0,,True,True,8.420896483585238e-05,1000.0,1966.0,,,,,
L0 knapsack,Pisinger uncorrelated,knapPI_1_1000_1000_3,DP (numba),98306.0,98306.0,published optimum,True,0.0,,True,True,0.006603374960832298,1000.0,,,,,,
L0 knapsack,Pisinger uncorrelated,knapPI_1_1000_1000_3,branch & bound,98306.0,98306.0,published optimum,True,0.0,,True,True,7.975002517923713e-05,1000.0,2042.0,,,,,
L0 knapsack,Pisinger uncorrelated,knapPI_1_1000_1000_4,DP (numba),125709.0,125709.0,published optimum,True,0.0,,True,True,0.008692583010997623,1000.0,,,,,,
L0 knapsack,Pisinger uncorrelated,knapPI_1_1000_1000_4,branch & bound,125709.0,125709.0,published optimum,True,0.0,,True,True,7.89170153439045e-05,1000.0,1202.0,,,,,
L0 knapsack,Pisinger uncorrelated,knapPI_1_1000_1000_5,DP (numba),134681.0,134681.0,published optimum,True,0.0,,True,True,0.011182540969457477,1000.0,,,,,,
L0 knapsack,Pisinger uncorrelated,knapPI_1_1000_1000_5,branch & bound,134681.0,134681.0,published optimum,True,0.0,,True,True,7.65420263633132e-05,1000.0,5061.0,,,,,
L0 knapsack,Pisinger uncorrelated,knapPI_1_1000_1000_6,DP (numba),145271.0,145271.0,published optimum,True,0.0,,True,True,0.01639570895349607,1000.0,,,,,,
L0 knapsack,Pisinger uncorrelated,knapPI_1_1000_1000_6,branch & bound,145271.0,145271.0,published optimum,True,0.0,,True,True,0.0001075419713743031,1000.0,9584.0,,,,,
L0 knapsack,Pisinger uncorrelated,knapPI_1_1000_1000_7,DP (numba),149845.0,149845.0,published optimum,True,0.0,,True,True,0.01785662496695295,1000.0,,,,,,
L0 knapsack,Pisinger uncorrelated,knapPI_1_1000_1000_7,branch & bound,149845.0,149845.0,published optimum,True,0.0,,True,True,0.00010016601299867034,1000.0,7652.0,,,,,
L0 knapsack,Pisinger uncorrelated,knapPI_1_1000_1000_8,DP (numba),161194.0,161194.0,published optimum,True,0.0,,True,True,0.022951958002522588,1000.0,,,,,,
L0 knapsack,Pisinger uncorrelated,knapPI_1_1000_1000_8,branch & bound,161194.0,161194.0,published optimum,True,0.0,,True,True,9.729200974106789e-05,1000.0,1589.0,,,,,
L0 knapsack,Pisinger uncorrelated,knapPI_1_1000_1000_9,DP (numba),171825.0,171825.0,published optimum,True,0.0,,True,True,0.02376729203388095,1000.0,,,,,,
L0 knapsack,Pisinger uncorrelated,knapPI_1_1000_1000_9,branch & bound,171825.0,171825.0,published optimum,True,0.0,,True,True,0.00012112502008676529,1000.0,7084.0,,,,,
L0 knapsack,Pisinger uncorrelated,knapPI_1_1000_1000_10,DP (numba),189122.0,189122.0,published optimum,True,0.0,,True,True,0.027100458974018693,1000.0,,,,,,
L0 knapsack,Pisinger uncorrelated,knapPI_1_1000_1000_10,branch & bound,189122.0,189122.0,published optimum,True,0.0,,True,True,0.00011479196837171912,1000.0,7188.0,,,,,
L0 knapsack,Pisinger uncorrelated,knapPI_1_1000_1000_11,DP (numba),189526.0,189526.0,published optimum,True,0.0,,True,True,0.029528082988690585,1000.0,,,,,,
L0 knapsack,Pisinger uncorrelated,knapPI_1_1000_1000_11,branch & bound,189526.0,189526.0,published optimum,True,0.0,,True,True,0.00012516597053036094,1000.0,3955.0,,,,,
L0 knapsack,Pisinger uncorrelated,knapPI_1_1000_1000_12,DP (numba),203521.0,203521.0,published optimum,True,0.0,,True,True,0.03230154199991375,1000.0,,,,,,
L0 knapsack,Pisinger uncorrelated,knapPI_1_1000_1000_12,branch & bound,203521.0,203521.0,published optimum,True,0.0,,True,True,0.00012224999954923987,1000.0,1655.0,,,,,
L0 knapsack,Pisinger uncorrelated,knapPI_1_1000_1000_13,DP (numba),209366.0,209366.0,published optimum,True,0.0,,True,True,0.03496516699669883,1000.0,,,,,,
L0 knapsack,Pisinger uncorrelated,knapPI_1_1000_1000_13,branch & bound,209366.0,209366.0,published optimum,True,0.0,,True,True,0.0001231660135090351,1000.0,3983.0,,,,,
L0 knapsack,Pisinger uncorrelated,knapPI_1_1000_1000_14,DP (numba),207658.0,207658.0,published optimum,True,0.0,,True,True,0.03797195898368955,1000.0,,,,,,
L0 knapsack,Pisinger uncorrelated,knapPI_1_1000_1000_14,branch & bound,207658.0,207658.0,published optimum,True,0.0,,True,True,0.00013812503311783075,1000.0,10974.0,,,,,
L0 knapsack,Pisinger uncorrelated,knapPI_1_1000_1000_15,DP (numba),226314.0,226314.0,published optimum,True,0.0,,True,True,0.04087524994974956,1000.0,,,,,,
L0 knapsack,Pisinger uncorrelated,knapPI_1_1000_1000_15,branch & bound,226314.0,226314.0,published optimum,True,0.0,,True,True,0.00013058295007795095,1000.0,9715.0,,,,,
L0 knapsack,Pisinger uncorrelated,knapPI_1_1000_1000_16,DP (numba),228251.0,228251.0,published optimum,True,0.0,,True,True,0.043529540998861194,1000.0,,,,,,
L0 knapsack,Pisinger uncorrelated,knapPI_1_1000_1000_16,branch & bound,228251.0,228251.0,published optimum,True,0.0,,True,True,0.00014179199934005737,1000.0,6403.0,,,,,
L0 knapsack,Pisinger uncorrelated,knapPI_1_1000_1000_17,DP (numba),234356.0,234356.0,published optimum,True,0.0,,True,True,0.045251250034198165,1000.0,,,,,,
L0 knapsack,Pisinger uncorrelated,knapPI_1_1000_1000_17,branch & bound,234356.0,234356.0,published optimum,True,0.0,,True,True,0.00014583300799131393,1000.0,4707.0,,,,,
L0 knapsack,Pisinger uncorrelated,knapPI_1_1000_1000_18,DP (numba),234751.0,234751.0,published optimum,True,0.0,,True,True,0.051373083028011024,1000.0,,,,,,
L0 knapsack,Pisinger uncorrelated,knapPI_1_1000_1000_18,branch & bound,234751.0,234751.0,published optimum,True,0.0,,True,True,0.00016074994346126914,1000.0,12610.0,,,,,
L0 knapsack,Pisinger uncorrelated,knapPI_1_1000_1000_19,DP (numba),254232.0,254232.0,published optimum,True,0.0,,True,True,0.051435708010103554,1000.0,,,,,,
L0 knapsack,Pisinger uncorrelated,knapPI_1_1000_1000_19,branch & bound,254232.0,254232.0,published optimum,True,0.0,,True,True,0.000151334039401263,1000.0,2026.0,,,,,
L0 knapsack,Pisinger uncorrelated,knapPI_1_1000_1000_20,DP (numba),266036.0,266036.0,published optimum,True,0.0,,True,True,0.055569374992046505,1000.0,,,,,,
L0 knapsack,Pisinger uncorrelated,knapPI_1_1000_1000_20,branch & bound,266036.0,266036.0,published optimum,True,0.0,,True,True,0.00020479201339185238,1000.0,7269.0,,,,,
L0 knapsack,Pisinger uncorrelated,knapPI_1_2000_1000_1,DP (numba),110625.0,110625.0,published optimum,True,0.0,,True,True,0.00834770902292803,2000.0,,,,,,
L0 knapsack,Pisinger uncorrelated,knapPI_1_2000_1000_1,branch & bound,110625.0,110625.0,published optimum,True,0.0,,True,True,0.00015970802633091807,2000.0,13721.0,,,,,
L0 knapsack,Pisinger uncorrelated,knapPI_1_2000_1000_2,DP (numba),171647.0,171647.0,published optimum,True,0.0,,True,True,0.01739395799813792,2000.0,,,,,,
L0 knapsack,Pisinger uncorrelated,knapPI_1_2000_1000_2,branch & bound,171647.0,171647.0,published optimum,True,0.0,,True,True,0.00015112501569092274,2000.0,4727.0,,,,,
L0 knapsack,Pisinger uncorrelated,knapPI_1_2000_1000_3,DP (numba),198902.0,198902.0,published optimum,True,0.0,,True,True,0.0269072909723036,2000.0,,,,,,
L0 knapsack,Pisinger uncorrelated,knapPI_1_2000_1000_3,branch & bound,198902.0,198902.0,published optimum,True,0.0,,True,True,0.000201582966838032,2000.0,20025.0,,,,,
L0 knapsack,Pisinger uncorrelated,knapPI_1_2000_1000_4,DP (numba),239007.0,239007.0,published optimum,True,0.0,,True,True,0.03603595803724602,2000.0,,,,,,
L0 knapsack,Pisinger uncorrelated,knapPI_1_2000_1000_4,branch & bound,239007.0,239007.0,published optimum,True,0.0,,True,True,0.00022587500279769301,2000.0,22103.0,,,,,
L0 knapsack,Pisinger uncorrelated,knapPI_1_2000_1000_5,DP (numba),259950.0,259950.0,published optimum,True,0.0,,True,True,0.06131645798450336,2000.0,,,,,,
L0 knapsack,Pisinger uncorrelated,knapPI_1_2000_1000_5,branch & bound,259950.0,259950.0,published optimum,True,0.0,,True,True,0.00019791704835370183,2000.0,2401.0,,,,,
L0 knapsack,Pisinger uncorrelated,knapPI_1_2000_1000_6,DP (numba),287651.0,287651.0,published optimum,True,0.0,,True,True,0.06832075002603233,2000.0,,,,,,
L0 knapsack,Pisinger uncorrelated,knapPI_1_2000_1000_6,branch & bound,287651.0,287651.0,published optimum,True,0.0,,True,True,0.00028600002406165004,2000.0,17425.0,,,,,
L0 knapsack,Pisinger uncorrelated,knapPI_1_2000_1000_7,DP (numba),300567.0,300567.0,published optimum,True,0.0,,True,True,0.07785154198063537,2000.0,,,,,,
L0 knapsack,Pisinger uncorrelated,knapPI_1_2000_1000_7,branch & bound,300567.0,300567.0,published optimum,True,0.0,,True,True,0.00033770903246477246,2000.0,16787.0,,,,,
L0 knapsack,Pisinger uncorrelated,knapPI_1_2000_1000_8,DP (numba),325935.0,325935.0,published optimum,True,0.0,,True,True,0.09351874998537824,2000.0,,,,,,
L0 knapsack,Pisinger uncorrelated,knapPI_1_2000_1000_8,branch & bound,325935.0,325935.0,published optimum,True,0.0,,True,True,0.0002603749744594097,2000.0,3016.0,,,,,
L0 knapsack,Pisinger uncorrelated,knapPI_1_2000_1000_9,DP (numba),335109.0,335109.0,published optimum,True,0.0,,True,True,0.10828479198971763,2000.0,,,,,,
L0 knapsack,Pisinger uncorrelated,knapPI_1_2000_1000_9,branch & bound,335109.0,335109.0,published optimum,True,0.0,,True,True,0.00026770797558128834,2000.0,17268.0,,,,,
L0 knapsack,Pisinger uncorrelated,knapPI_1_2000_1000_10,DP (numba),374070.0,374070.0,published optimum,True,0.0,,True,True,0.11762666603317484,2000.0,,,,,,
L0 knapsack,Pisinger uncorrelated,knapPI_1_2000_1000_10,branch & bound,374070.0,374070.0,published optimum,True,0.0,,True,True,0.00031208398286253214,2000.0,17174.0,,,,,
L0 knapsack,Pisinger uncorrelated,knapPI_1_2000_1000_11,DP (numba),373026.0,373026.0,published optimum,True,0.0,,True,True,0.13472199998795986,2000.0,,,,,,
L0 knapsack,Pisinger uncorrelated,knapPI_1_2000_1000_11,branch & bound,373026.0,373026.0,published optimum,True,0.0,,True,True,0.00037879199953749776,2000.0,11167.0,,,,,
L0 knapsack,Pisinger uncorrelated,knapPI_1_2000_1000_12,DP (numba),409483.0,409483.0,published optimum,True,0.0,,True,True,0.13753895898116753,2000.0,,,,,,
L0 knapsack,Pisinger uncorrelated,knapPI_1_2000_1000_12,branch & bound,409483.0,409483.0,published optimum,True,0.0,,True,True,0.00036999996518716216,2000.0,33527.0,,,,,
L0 knapsack,Pisinger uncorrelated,knapPI_1_2000_1000_13,DP (numba),414325.0,414325.0,published optimum,True,0.0,,True,True,0.1596667090198025,2000.0,,,,,,
L0 knapsack,Pisinger uncorrelated,knapPI_1_2000_1000_13,branch & bound,414325.0,414325.0,published optimum,True,0.0,,True,True,0.0003215830074623227,2000.0,9183.0,,,,,
L0 knapsack,Pisinger uncorrelated,knapPI_1_2000_1000_14,DP (numba),420728.0,420728.0,published optimum,True,0.0,,True,True,0.1732997500221245,2000.0,,,,,,
L0 knapsack,Pisinger uncorrelated,knapPI_1_2000_1000_14,branch & bound,420728.0,420728.0,published optimum,True,0.0,,True,True,0.0003910419763997197,2000.0,18381.0,,,,,
L0 knapsack,Pisinger uncorrelated,knapPI_1_2000_1000_15,DP (numba),446606.0,446606.0,published optimum,True,0.0,,True,True,0.18133287504315376,2000.0,,,,,,
L0 knapsack,Pisinger uncorrelated,knapPI_1_2000_1000_15,branch & bound,446606.0,446606.0,published optimum,True,0.0,,True,True,0.0004030829877592623,2000.0,16068.0,,,,,
L0 knapsack,Pisinger uncorrelated,knapPI_1_2000_1000_16,DP (numba),461450.0,461450.0,published optimum,True,0.0,,True,True,0.1931118750362657,2000.0,,,,,,
L0 knapsack,Pisinger uncorrelated,knapPI_1_2000_1000_16,branch & bound,461450.0,461450.0,published optimum,True,0.0,,True,True,0.0003915000124834478,2000.0,8085.0,,,,,
L0 knapsack,Pisinger uncorrelated,knapPI_1_2000_1000_17,DP (numba),471580.0,471580.0,published optimum,True,0.0,,True,True,0.25433462497312576,2000.0,,,,,,
L0 knapsack,Pisinger uncorrelated,knapPI_1_2000_1000_17,branch & bound,471580.0,471580.0,published optimum,True,0.0,,True,True,0.0004510420258156955,2000.0,12097.0,,,,,
L0 knapsack,Pisinger uncorrelated,knapPI_1_2000_1000_18,DP (numba),484442.0,484442.0,published optimum,True,0.0,,True,True,0.1731910840026103,2000.0,,,,,,
L0 knapsack,Pisinger uncorrelated,knapPI_1_2000_1000_18,branch & bound,484442.0,484442.0,published optimum,True,0.0,,True,True,0.00045612500980496407,2000.0,6909.0,,,,,
L0 knapsack,Pisinger uncorrelated,knapPI_1_2000_1000_19,DP (numba),487546.0,487546.0,published optimum,True,0.0,,True,True,0.188186916988343,2000.0,,,,,,
L0 knapsack,Pisinger uncorrelated,knapPI_1_2000_1000_19,branch & bound,487546.0,487546.0,published optimum,True,0.0,,True,True,0.0004936660407111049,2000.0,31652.0,,,,,
L0 knapsack,Pisinger uncorrelated,knapPI_1_2000_1000_20,DP (numba),522362.0,522362.0,published optimum,True,0.0,,True,True,0.19722229201579466,2000.0,,,,,,
L0 knapsack,Pisinger uncorrelated,knapPI_1_2000_1000_20,branch & bound,522362.0,522362.0,published optimum,True,0.0,,True,True,0.0005112910293973982,2000.0,20353.0,,,,,
L0 knapsack,Pisinger weakly corr.,knapPI_2_50_1000_1,DP (numba),1396.0,1396.0,published optimum,True,0.0,,True,True,2.5499961338937283e-05,50.0,,,,,,
L0 knapsack,Pisinger weakly corr.,knapPI_2_50_1000_1,branch & bound,1396.0,1396.0,published optimum,True,0.0,,True,True,1.7834012396633625e-05,50.0,281.0,,,,,
L0 knapsack,Pisinger weakly corr.,knapPI_2_50_1000_2,DP (numba),1352.0,1352.0,published optimum,True,0.0,,True,True,1.6290985513478518e-05,50.0,,,,,,
L0 knapsack,Pisinger weakly corr.,knapPI_2_50_1000_2,branch & bound,1352.0,1352.0,published optimum,True,0.0,,True,True,9.500014130026102e-06,50.0,136.0,,,,,
L0 knapsack,Pisinger weakly corr.,knapPI_2_50_1000_3,DP (numba),1348.0,1348.0,published optimum,True,0.0,,True,True,1.4959019608795643e-05,50.0,,,,,,
L0 knapsack,Pisinger weakly corr.,knapPI_2_50_1000_3,branch & bound,1348.0,1348.0,published optimum,True,0.0,,True,True,9.249954018741846e-06,50.0,595.0,,,,,
L0 knapsack,Pisinger weakly corr.,knapPI_2_50_1000_4,DP (numba),1319.0,1319.0,published optimum,True,0.0,,True,True,1.5624973457306623e-05,50.0,,,,,,
L0 knapsack,Pisinger weakly corr.,knapPI_2_50_1000_4,branch & bound,1319.0,1319.0,published optimum,True,0.0,,True,True,9.124982170760632e-06,50.0,892.0,,,,,
L0 knapsack,Pisinger weakly corr.,knapPI_2_50_1000_5,DP (numba),1683.0,1683.0,published optimum,True,0.0,,True,True,2.2457970771938562e-05,50.0,,,,,,
L0 knapsack,Pisinger weakly corr.,knapPI_2_50_1000_5,branch & bound,1683.0,1683.0,published optimum,True,0.0,,True,True,6.750051397830248e-06,50.0,56.0,,,,,
L0 knapsack,Pisinger weakly corr.,knapPI_2_50_1000_6,DP (numba),1822.0,1822.0,published optimum,True,0.0,,True,True,2.6541994884610176e-05,50.0,,,,,,
L0 knapsack,Pisinger weakly corr.,knapPI_2_50_1000_6,branch & bound,1822.0,1822.0,published optimum,True,0.0,,True,True,6.958027370274067e-06,50.0,172.0,,,,,
L0 knapsack,Pisinger weakly corr.,knapPI_2_50_1000_7,DP (numba),2350.0,2350.0,published optimum,True,0.0,,True,True,3.512500552460551e-05,50.0,,,,,,
L0 knapsack,Pisinger weakly corr.,knapPI_2_50_1000_7,branch & bound,2350.0,2350.0,published optimum,True,0.0,,True,True,7.2499969974160194e-06,50.0,269.0,,,,,
L0 knapsack,Pisinger weakly corr.,knapPI_2_50_1000_8,DP (numba),2695.0,2695.0,published optimum,True,0.0,,True,True,4.191702464595437e-05,50.0,,,,,,
L0 knapsack,Pisinger weakly corr.,knapPI_2_50_1000_8,branch & bound,2695.0,2695.0,published optimum,True,0.0,,True,True,8.08399636298418e-06,50.0,389.0,,,,,
L0 knapsack,Pisinger weakly corr.,knapPI_2_50_1000_9,DP (numba),2652.0,2652.0,published optimum,True,0.0,,True,True,4.379200981929898e-05,50.0,,,,,,
L0 knapsack,Pisinger weakly corr.,knapPI_2_50_1000_9,branch & bound,2652.0,2652.0,published optimum,True,0.0,,True,True,6.500049494206905e-06,50.0,91.0,,,,,
L0 knapsack,Pisinger weakly corr.,knapPI_2_50_1000_10,DP (numba),3267.0,3267.0,published optimum,True,0.0,,True,True,5.933298962190747e-05,50.0,,,,,,
L0 knapsack,Pisinger weakly corr.,knapPI_2_50_1000_10,branch & bound,3267.0,3267.0,published optimum,True,0.0,,True,True,7.292022928595543e-06,50.0,382.0,,,,,
L0 knapsack,Pisinger weakly corr.,knapPI_2_50_1000_11,DP (numba),3253.0,3253.0,published optimum,True,0.0,,True,True,5.266699008643627e-05,50.0,,,,,,
L0 knapsack,Pisinger weakly corr.,knapPI_2_50_1000_11,branch & bound,3253.0,3253.0,published optimum,True,0.0,,True,True,6.582995411008596e-06,50.0,159.0,,,,,
L0 knapsack,Pisinger weakly corr.,knapPI_2_50_1000_12,DP (numba),4300.0,4300.0,published optimum,True,0.0,,True,True,7.67909805290401e-05,50.0,,,,,,
L0 knapsack,Pisinger weakly corr.,knapPI_2_50_1000_12,branch & bound,4300.0,4300.0,published optimum,True,0.0,,True,True,8.33295052871108e-06,50.0,625.0,,,,,
L0 knapsack,Pisinger weakly corr.,knapPI_2_50_1000_13,DP (numba),3797.0,3797.0,published optimum,True,0.0,,True,True,7.150002056732774e-05,50.0,,,,,,
L0 knapsack,Pisinger weakly corr.,knapPI_2_50_1000_13,branch & bound,3797.0,3797.0,published optimum,True,0.0,,True,True,6.834045052528381e-06,50.0,243.0,,,,,
L0 knapsack,Pisinger weakly corr.,knapPI_2_50_1000_14,DP (numba),4316.0,4316.0,published optimum,True,0.0,,True,True,8.124997839331627e-05,50.0,,,,,,
L0 knapsack,Pisinger weakly corr.,knapPI_2_50_1000_14,branch & bound,4316.0,4316.0,published optimum,True,0.0,,True,True,1.1415977496653795e-05,50.0,1298.0,,,,,
L0 knapsack,Pisinger weakly corr.,knapPI_2_50_1000_15,DP (numba),4962.0,4962.0,published optimum,True,0.0,,True,True,9.537499863654375e-05,50.0,,,,,,
L0 knapsack,Pisinger weakly corr.,knapPI_2_50_1000_15,branch & bound,4962.0,4962.0,published optimum,True,0.0,,True,True,8.000002708286047e-06,50.0,493.0,,,,,
L0 knapsack,Pisinger weakly corr.,knapPI_2_50_1000_16,DP (numba),5070.0,5070.0,published optimum,True,0.0,,True,True,9.945797501131892e-05,50.0,,,,,,
L0 knapsack,Pisinger weakly corr.,knapPI_2_50_1000_16,branch & bound,5070.0,5070.0,published optimum,True,0.0,,True,True,9.083014447242022e-06,50.0,857.0,,,,,
L0 knapsack,Pisinger weakly corr.,knapPI_2_50_1000_17,DP (numba),5176.0,5176.0,published optimum,True,0.0,,True,True,9.983300697058439e-05,50.0,,,,,,
L0 knapsack,Pisinger weakly corr.,knapPI_2_50_1000_17,branch & bound,5176.0,5176.0,published optimum,True,0.0,,True,True,6.375019438564777e-06,50.0,107.0,,,,,
L0 knapsack,Pisinger weakly corr.,knapPI_2_50_1000_18,DP (numba),5384.0,5384.0,published optimum,True,0.0,,True,True,0.00011679198360070586,50.0,,,,,,
L0 knapsack,Pisinger weakly corr.,knapPI_2_50_1000_18,branch & bound,5384.0,5384.0,published optimum,True,0.0,,True,True,8.458038792014122e-06,50.0,753.0,,,,,
L0 knapsack,Pisinger weakly corr.,knapPI_2_50_1000_19,DP (numba),5201.0,5201.0,published optimum,True,0.0,,True,True,0.00010750000365078449,50.0,,,,,,
L0 knapsack,Pisinger weakly corr.,knapPI_2_50_1000_19,branch & bound,5201.0,5201.0,published optimum,True,0.0,,True,True,6.959016900509596e-06,50.0,226.0,,,,,
L0 knapsack,Pisinger weakly corr.,knapPI_2_50_1000_20,DP (numba),6646.0,6646.0,published optimum,True,0.0,,True,True,0.00014220905723050237,50.0,,,,,,
L0 knapsack,Pisinger weakly corr.,knapPI_2_50_1000_20,branch & bound,6646.0,6646.0,published optimum,True,0.0,,True,True,9.041978046298027e-06,50.0,800.0,,,,,
L0 knapsack,Pisinger weakly corr.,knapPI_2_100_1000_1,DP (numba),1514.0,1514.0,published optimum,True,0.0,,True,True,3.487500362098217e-05,100.0,,,,,,
L0 knapsack,Pisinger weakly corr.,knapPI_2_100_1000_1,branch & bound,1514.0,1514.0,published optimum,True,0.0,,True,True,1.633301144465804e-05,100.0,1837.0,,,,,
L0 knapsack,Pisinger weakly corr.,knapPI_2_100_1000_2,DP (numba),1590.0,1590.0,published optimum,True,0.0,,True,True,2.7499976567924023e-05,100.0,,,,,,
L0 knapsack,Pisinger weakly corr.,knapPI_2_100_1000_2,branch & bound,1590.0,1590.0,published optimum,True,0.0,,True,True,8.916016668081284e-06,100.0,111.0,,,,,
L0 knapsack,Pisinger weakly corr.,knapPI_2_100_1000_3,DP (numba),2117.0,2117.0,published optimum,True,0.0,,True,True,5.3750001825392246e-05,100.0,,,,,,
L0 knapsack,Pisinger weakly corr.,knapPI_2_100_1000_3,branch & bound,2117.0,2117.0,published optimum,True,0.0,,True,True,9.541981853544712e-06,100.0,553.0,,,,,
L0 knapsack,Pisinger weakly corr.,knapPI_2_100_1000_4,DP (numba),2788.0,2788.0,published optimum,True,0.0,,True,True,8.000002708286047e-05,100.0,,,,,,
L0 knapsack,Pisinger weakly corr.,knapPI_2_100_1000_4,branch & bound,2788.0,2788.0,published optimum,True,0.0,,True,True,8.417002391070127e-06,100.0,142.0,,,,,
L0 knapsack,Pisinger weakly corr.,knapPI_2_100_1000_5,DP (numba),3352.0,3352.0,published optimum,True,0.0,,True,True,0.00011004199041053653,100.0,,,,,,
L0 knapsack,Pisinger weakly corr.,knapPI_2_100_1000_5,branch & bound,3352.0,3352.0,published optimum,True,0.0,,True,True,1.1083029676228762e-05,100.0,1435.0,,,,,
L0 knapsack,Pisinger weakly corr.,knapPI_2_100_1000_6,DP (numba),3601.0,3601.0,published optimum,True,0.0,,True,True,0.00012062495807185769,100.0,,,,,,
L0 knapsack,Pisinger weakly corr.,knapPI_2_100_1000_6,branch & bound,3601.0,3601.0,published optimum,True,0.0,,True,True,9.584007784724236e-06,100.0,556.0,,,,,
L0 knapsack,Pisinger weakly corr.,knapPI_2_100_1000_7,DP (numba),4710.0,4710.0,published optimum,True,0.0,,True,True,0.00015304196858778596,100.0,,,,,,
L0 knapsack,Pisinger weakly corr.,knapPI_2_100_1000_7,branch & bound,4710.0,4710.0,published optimum,True,0.0,,True,True,8.000002708286047e-06,100.0,118.0,,,,,
L0 knapsack,Pisinger weakly corr.,knapPI_2_100_1000_8,DP (numba),5070.0,5070.0,published optimum,True,0.0,,True,True,0.00017283298075199127,100.0,,,,,,
L0 knapsack,Pisinger weakly corr.,knapPI_2_100_1000_8,branch & bound,5070.0,5070.0,published optimum,True,0.0,,True,True,1.287501072511077e-05,100.0,1982.0,,,,,
L0 knapsack,Pisinger weakly corr.,knapPI_2_100_1000_9,DP (numba),5114.0,5114.0,published optimum,True,0.0,,True,True,0.00018199998885393143,100.0,,,,,,
L0 knapsack,Pisinger weakly corr.,knapPI_2_100_1000_9,branch & bound,5114.0,5114.0,published optimum,True,0.0,,True,True,1.1625001206994057e-05,100.0,1508.0,,,,,
L0 knapsack,Pisinger weakly corr.,knapPI_2_100_1000_10,DP (numba),6450.0,6450.0,published optimum,True,0.0,,True,True,0.00023570895427837968,100.0,,,,,,
L0 knapsack,Pisinger weakly corr.,knapPI_2_100_1000_10,branch & bound,6450.0,6450.0,published optimum,True,0.0,,True,True,1.0125047992914915e-05,100.0,942.0,,,,,
L0 knapsack,Pisinger weakly corr.,knapPI_2_100_1000_11,DP (numba),6771.0,6771.0,published optimum,True,0.0,,True,True,0.0002632500254549086,100.0,,,,,,
L0 knapsack,Pisinger weakly corr.,knapPI_2_100_1000_11,branch & bound,6771.0,6771.0,published optimum,True,0.0,,True,True,1.1000025551766157e-05,100.0,905.0,,,,,
L0 knapsack,Pisinger weakly corr.,knapPI_2_100_1000_12,DP (numba),7713.0,7713.0,published optimum,True,0.0,,True,True,0.00030816602520644665,100.0,,,,,,
L0 knapsack,Pisinger weakly corr.,knapPI_2_100_1000_12,branch & bound,7713.0,7713.0,published optimum,True,0.0,,True,True,1.270900247618556e-05,100.0,1554.0,,,,,
L0 knapsack,Pisinger weakly corr.,knapPI_2_100_1000_13,DP (numba),7319.0,7319.0,published optimum,True,0.0,,True,True,0.00028495799051597714,100.0,,,,,,
L0 knapsack,Pisinger weakly corr.,knapPI_2_100_1000_13,branch & bound,7319.0,7319.0,published optimum,True,0.0,,True,True,9.167008101940155e-06,100.0,296.0,,,,,
L0 knapsack,Pisinger weakly corr.,knapPI_2_100_1000_14,DP (numba),8279.0,8279.0,published optimum,True,0.0,,True,True,0.00033712503500282764,100.0,,,,,,
L0 knapsack,Pisinger weakly corr.,knapPI_2_100_1000_14,branch & bound,8279.0,8279.0,published optimum,True,0.0,,True,True,1.5208963304758072e-05,100.0,2367.0,,,,,
L0 knapsack,Pisinger weakly corr.,knapPI_2_100_1000_15,DP (numba),9569.0,9569.0,published optimum,True,0.0,,True,True,0.0003897080314345658,100.0,,,,,,
L0 knapsack,Pisinger weakly corr.,knapPI_2_100_1000_15,branch & bound,9569.0,9569.0,published optimum,True,0.0,,True,True,1.3832992408424616e-05,100.0,2144.0,,,,,
L0 knapsack,Pisinger weakly corr.,knapPI_2_100_1000_16,DP (numba),9683.0,9683.0,published optimum,True,0.0,,True,True,0.00039491697680205107,100.0,,,,,,
L0 knapsack,Pisinger weakly corr.,knapPI_2_100_1000_16,branch & bound,9683.0,9683.0,published optimum,True,0.0,,True,True,1.8207996618002653e-05,100.0,3998.0,,,,,
L0 knapsack,Pisinger weakly corr.,knapPI_2_100_1000_17,DP (numba),10539.0,10539.0,published optimum,True,0.0,,True,True,0.0004153340123593807,100.0,,,,,,
L0 knapsack,Pisinger weakly corr.,knapPI_2_100_1000_17,branch & bound,10539.0,10539.0,published optimum,True,0.0,,True,True,1.0666961316019297e-05,100.0,1146.0,,,,,
L0 knapsack,Pisinger weakly corr.,knapPI_2_100_1000_18,DP (numba),10844.0,10844.0,published optimum,True,0.0,,True,True,0.0004642499843612313,100.0,,,,,,
L0 knapsack,Pisinger weakly corr.,knapPI_2_100_1000_18,branch & bound,10844.0,10844.0,published optimum,True,0.0,,True,True,1.1583964806050062e-05,100.0,700.0,,,,,
L0 knapsack,Pisinger weakly corr.,knapPI_2_100_1000_19,DP (numba),10677.0,10677.0,published optimum,True,0.0,,True,True,0.0004651669878512621,100.0,,,,,,
L0 knapsack,Pisinger weakly corr.,knapPI_2_100_1000_19,branch & bound,10677.0,10677.0,published optimum,True,0.0,,True,True,1.1541997082531452e-05,100.0,1298.0,,,,,
L0 knapsack,Pisinger weakly corr.,knapPI_2_100_1000_20,DP (numba),12688.0,12688.0,published optimum,True,0.0,,True,True,0.0005576249677687883,100.0,,,,,,
L0 knapsack,Pisinger weakly corr.,knapPI_2_100_1000_20,branch & bound,12688.0,12688.0,published optimum,True,0.0,,True,True,9.62504418566823e-06,100.0,647.0,,,,,
L0 knapsack,Pisinger weakly corr.,knapPI_2_200_1000_1,DP (numba),1634.0,1634.0,published optimum,True,0.0,,True,True,6.258400389924645e-05,200.0,,,,,,
L0 knapsack,Pisinger weakly corr.,knapPI_2_200_1000_1,branch & bound,1634.0,1634.0,published optimum,True,0.0,,True,True,2.1832995116710663e-05,200.0,3414.0,,,,,
L0 knapsack,Pisinger weakly corr.,knapPI_2_200_1000_2,DP (numba),3321.0,3321.0,published optimum,True,0.0,,True,True,0.00014812499284744263,200.0,,,,,,
L0 knapsack,Pisinger weakly corr.,knapPI_2_200_1000_2,branch & bound,3321.0,3321.0,published optimum,True,0.0,,True,True,1.429201802238822e-05,200.0,1052.0,,,,,
L0 knapsack,Pisinger weakly corr.,knapPI_2_200_1000_3,DP (numba),4207.0,4207.0,published optimum,True,0.0,,True,True,0.00022991601144894958,200.0,,,,,,
L0 knapsack,Pisinger weakly corr.,knapPI_2_200_1000_3,branch & bound,4207.0,4207.0,published optimum,True,0.0,,True,True,1.1999974958598614e-05,200.0,329.0,,,,,
L0 knapsack,Pisinger weakly corr.,knapPI_2_200_1000_4,DP (numba),5566.0,5566.0,published optimum,True,0.0,,True,True,0.0003326250007376075,200.0,,,,,,
L0 knapsack,Pisinger weakly corr.,knapPI_2_200_1000_4,branch & bound,5566.0,5566.0,published optimum,True,0.0,,True,True,1.591700129210949e-05,200.0,2293.0,,,,,
L0 knapsack,Pisinger weakly corr.,knapPI_2_200_1000_5,DP (numba),6761.0,6761.0,published optimum,True,0.0,,True,True,0.00047004205407574773,200.0,,,,,,
L0 knapsack,Pisinger weakly corr.,knapPI_2_200_1000_5,branch & bound,6761.0,6761.0,published optimum,True,0.0,,True,True,1.1666968930512667e-05,200.0,406.0,,,,,
L0 knapsack,Pisinger weakly corr.,knapPI_2_200_1000_6,DP (numba),7564.0,7564.0,published optimum,True,0.0,,True,True,0.0005329160485416651,200.0,,,,,,
L0 knapsack,Pisinger weakly corr.,knapPI_2_200_1000_6,branch & bound,7564.0,7564.0,published optimum,True,0.0,,True,True,1.812499249354005e-05,200.0,2979.0,,,,,
L0 knapsack,Pisinger weakly corr.,knapPI_2_200_1000_7,DP (numba),9372.0,9372.0,published optimum,True,0.0,,True,True,0.0006712079630233347,200.0,,,,,,
L0 knapsack,Pisinger weakly corr.,knapPI_2_200_1000_7,branch & bound,9372.0,9372.0,published optimum,True,0.0,,True,True,3.5582983400672674e-05,200.0,3775.0,,,,,
L0 knapsack,Pisinger weakly corr.,knapPI_2_200_1000_8,DP (numba),10027.0,10027.0,published optimum,True,0.0,,True,True,0.0007154170307330787,200.0,,,,,,
L0 knapsack,Pisinger weakly corr.,knapPI_2_200_1000_8,branch & bound,10027.0,10027.0,published optimum,True,0.0,,True,True,2.7082976885139942e-05,200.0,4339.0,,,,,
L0 knapsack,Pisinger weakly corr.,knapPI_2_200_1000_9,DP (numba),10882.0,10882.0,published optimum,True,0.0,,True,True,0.0007830000249668956,200.0,,,,,,
L0 knapsack,Pisinger weakly corr.,knapPI_2_200_1000_9,branch & bound,10882.0,10882.0,published optimum,True,0.0,,True,True,2.054101787507534e-05,200.0,2713.0,,,,,
L0 knapsack,Pisinger weakly corr.,knapPI_2_200_1000_10,DP (numba),12424.0,12424.0,published optimum,True,0.0,,True,True,0.0009164170478470623,200.0,,,,,,
L0 knapsack,Pisinger weakly corr.,knapPI_2_200_1000_10,branch & bound,12424.0,12424.0,published optimum,True,0.0,,True,True,2.741598291322589e-05,200.0,5776.0,,,,,
L0 knapsack,Pisinger weakly corr.,knapPI_2_200_1000_11,DP (numba),13476.0,13476.0,published optimum,True,0.0,,True,True,0.0010117919882759452,200.0,,,,,,
L0 knapsack,Pisinger weakly corr.,knapPI_2_200_1000_11,branch & bound,13476.0,13476.0,published optimum,True,0.0,,True,True,2.1832995116710663e-05,200.0,3171.0,,,,,
L0 knapsack,Pisinger weakly corr.,knapPI_2_200_1000_12,DP (numba),14812.0,14812.0,published optimum,True,0.0,,True,True,0.0013072089641354978,200.0,,,,,,
L0 knapsack,Pisinger weakly corr.,knapPI_2_200_1000_12,branch & bound,14812.0,14812.0,published optimum,True,0.0,,True,True,1.5249999705702066e-05,200.0,995.0,,,,,
L0 knapsack,Pisinger weakly corr.,knapPI_2_200_1000_13,DP (numba),15277.0,15277.0,published optimum,True,0.0,,True,True,0.0013027500244788826,200.0,,,,,,
L0 knapsack,Pisinger weakly corr.,knapPI_2_200_1000_13,branch & bound,15277.0,15277.0,published optimum,True,0.0,,True,True,1.5040975995361805e-05,200.0,1287.0,,,,,
L0 knapsack,Pisinger weakly corr.,knapPI_2_200_1000_14,DP (numba),16954.0,16954.0,published optimum,True,0.0,,True,True,0.0015603330102749169,200.0,,,,,,
L0 knapsack,Pisinger weakly corr.,knapPI_2_200_1000_14,branch & bound,16954.0,16954.0,published optimum,True,0.0,,True,True,1.6208039596676826e-05,200.0,1024.0,,,,,
L0 knapsack,Pisinger weakly corr.,knapPI_2_200_1000_15,DP (numba),18501.0,18501.0,published optimum,True,0.0,,True,True,0.0017235830309800804,200.0,,,,,,
L0 knapsack,Pisinger weakly corr.,knapPI_2_200_1000_15,branch & bound,18501.0,18501.0,published optimum,True,0.0,,True,True,2.0667037460952997e-05,200.0,3120.0,,,,,
L0 knapsack,Pisinger weakly corr.,knapPI_2_200_1000_16,DP (numba),19224.0,19224.0,published optimum,True,0.0,,True,True,0.0017071670154109597,200.0,,,,,,
L0 knapsack,Pisinger weakly corr.,knapPI_2_200_1000_16,branch & bound,19224.0,19224.0,published optimum,True,0.0,,True,True,1.6290985513478518e-05,200.0,1189.0,,,,,
L0 knapsack,Pisinger weakly corr.,knapPI_2_200_1000_17,DP (numba),20933.0,20933.0,published optimum,True,0.0,,True,True,0.0018835829687304795,200.0,,,,,,
L0 knapsack,Pisinger weakly corr.,knapPI_2_200_1000_17,branch & bound,20933.0,20933.0,published optimum,True,0.0,,True,True,2.420798409730196e-05,200.0,5409.0,,,,,
L0 knapsack,Pisinger weakly corr.,knapPI_2_200_1000_18,DP (numba),22049.0,22049.0,published optimum,True,0.0,,True,True,0.002022208005655557,200.0,,,,,,
L0 knapsack,Pisinger weakly corr.,knapPI_2_200_1000_18,branch & bound,22049.0,22049.0,published optimum,True,0.0,,True,True,2.1957966964691877e-05,200.0,3464.0,,,,,
L0 knapsack,Pisinger weakly corr.,knapPI_2_200_1000_19,DP (numba),22079.0,22079.0,published optimum,True,0.0,,True,True,0.0019220419926568866,200.0,,,,,,
L0 knapsack,Pisinger weakly corr.,knapPI_2_200_1000_19,branch & bound,22079.0,22079.0,published optimum,True,0.0,,True,True,3.524997737258673e-05,200.0,5449.0,,,,,
L0 knapsack,Pisinger weakly corr.,knapPI_2_200_1000_20,DP (numba),24696.0,24696.0,published optimum,True,0.0,,True,True,0.0022945000091567636,200.0,,,,,,
L0 knapsack,Pisinger weakly corr.,knapPI_2_200_1000_20,branch & bound,24696.0,24696.0,published optimum,True,0.0,,True,True,2.0749983377754688e-05,200.0,1632.0,,,,,
L0 knapsack,Pisinger weakly corr.,knapPI_2_500_1000_1,DP (numba),4566.0,4566.0,published optimum,True,0.0,,True,True,0.0004877080209553242,500.0,,,,,,
L0 knapsack,Pisinger weakly corr.,knapPI_2_500_1000_1,branch & bound,4566.0,4566.0,published optimum,True,0.0,,True,True,4.029099363833666e-05,500.0,2272.0,,,,,
L0 knapsack,Pisinger weakly corr.,knapPI_2_500_1000_2,DP (numba),8249.0,8249.0,published optimum,True,0.0,,True,True,0.0011045830324292183,500.0,,,,,,
L0 knapsack,Pisinger weakly corr.,knapPI_2_500_1000_2,branch & bound,8249.0,8249.0,published optimum,True,0.0,,True,True,5.154201062396169e-05,500.0,14063.0,,,,,
L0 knapsack,Pisinger weakly corr.,knapPI_2_500_1000_3,DP (numba),10764.0,10764.0,published optimum,True,0.0,,True,True,0.0016871249536052346,500.0,,,,,,
L0 knapsack,Pisinger weakly corr.,knapPI_2_500_1000_3,branch & bound,10764.0,10764.0,published optimum,True,0.0,,True,True,4.066701512783766e-05,500.0,8704.0,,,,,
L0 knapsack,Pisinger weakly corr.,knapPI_2_500_1000_4,DP (numba),13910.0,13910.0,published optimum,True,0.0,,True,True,0.0024535409756936133,500.0,,,,,,
L0 knapsack,Pisinger weakly corr.,knapPI_2_500_1000_4,branch & bound,13910.0,13910.0,published optimum,True,0.0,,True,True,3.020802978426218e-05,500.0,3244.0,,,,,
L0 knapsack,Pisinger weakly corr.,knapPI_2_500_1000_5,DP (numba),16380.0,16380.0,published optimum,True,0.0,,True,True,0.0031930829863995314,500.0,,,,,,
L0 knapsack,Pisinger weakly corr.,knapPI_2_500_1000_5,branch & bound,16380.0,16380.0,published optimum,True,0.0,,True,True,3.0709023121744394e-05,500.0,614.0,,,,,
L0 knapsack,Pisinger weakly corr.,knapPI_2_500_1000_6,DP (numba),19389.0,19389.0,published optimum,True,0.0,,True,True,0.0036866249865852296,500.0,,,,,,
L0 knapsack,Pisinger weakly corr.,knapPI_2_500_1000_6,branch & bound,19389.0,19389.0,published optimum,True,0.0,,True,True,3.5582983400672674e-05,500.0,3905.0,,,,,
L0 knapsack,Pisinger weakly corr.,knapPI_2_500_1000_7,DP (numba),22792.0,22792.0,published optimum,True,0.0,,True,True,0.004432208021171391,500.0,,,,,,
L0 knapsack,Pisinger weakly corr.,knapPI_2_500_1000_7,branch & bound,22792.0,22792.0,published optimum,True,0.0,,True,True,4.754198016598821e-05,500.0,5582.0,,,,,
L0 knapsack,Pisinger weakly corr.,knapPI_2_500_1000_8,DP (numba),25038.0,25038.0,published optimum,True,0.0,,True,True,0.004909167008008808,500.0,,,,,,
L0 knapsack,Pisinger weakly corr.,knapPI_2_500_1000_8,branch & bound,25038.0,25038.0,published optimum,True,0.0,,True,True,3.10409814119339e-05,500.0,1736.0,,,,,
L0 knapsack,Pisinger weakly corr.,knapPI_2_500_1000_9,DP (numba),26775.0,26775.0,published optimum,True,0.0,,True,True,0.005552666960284114,500.0,,,,,,
L0 knapsack,Pisinger weakly corr.,knapPI_2_500_1000_9,branch & bound,26775.0,26775.0,published optimum,True,0.0,,True,True,3.7457968574017286e-05,500.0,2755.0,,,,,
L0 knapsack,Pisinger weakly corr.,knapPI_2_500_1000_10,DP (numba),31438.0,31438.0,published optimum,True,0.0,,True,True,0.006495208013802767,500.0,,,,,,
L0 knapsack,Pisinger weakly corr.,knapPI_2_500_1000_10,branch & bound,31438.0,31438.0,published optimum,True,0.0,,True,True,9.195797611027956e-05,500.0,34803.0,,,,,
L0 knapsack,Pisinger weakly corr.,knapPI_2_500_1000_11,DP (numba),33884.0,33884.0,published optimum,True,0.0,,True,True,0.007336625014431775,500.0,,,,,,
L0 knapsack,Pisinger weakly corr.,knapPI_2_500_1000_11,branch & bound,33884.0,33884.0,published optimum,True,0.0,,True,True,5.358300404623151e-05,500.0,10176.0,,,,,
L0 knapsack,Pisinger weakly corr.,knapPI_2_500_1000_12,DP (numba),35040.0,35040.0,published optimum,True,0.0,,True,True,0.007565958017949015,500.0,,,,,,
L0 knapsack,Pisinger weakly corr.,knapPI_2_500_1000_12,branch & bound,35040.0,35040.0,published optimum,True,0.0,,True,True,7.150002056732774e-05,500.0,18293.0,,,,,
L0 knapsack,Pisinger weakly corr.,knapPI_2_500_1000_13,DP (numba),39773.0,39773.0,published optimum,True,0.0,,True,True,0.009120167000219226,500.0,,,,,,
L0 knapsack,Pisinger weakly corr.,knapPI_2_500_1000_13,branch & bound,39773.0,39773.0,published optimum,True,0.0,,True,True,8.09579505585134e-05,500.0,12110.0,,,,,
L0 knapsack,Pisinger weakly corr.,knapPI_2_500_1000_14,DP (numba),43001.0,43001.0,published optimum,True,0.0,,True,True,0.009985000011511147,500.0,,,,,,
L0 knapsack,Pisinger weakly corr.,knapPI_2_500_1000_14,branch & bound,43001.0,43001.0,published optimum,True,0.0,,True,True,5.224999040365219e-05,500.0,4322.0,,,,,
L0 knapsack,Pisinger weakly corr.,knapPI_2_500_1000_15,DP (numba),46696.0,46696.0,published optimum,True,0.0,,True,True,0.011082583048846573,500.0,,,,,,
L0 knapsack,Pisinger weakly corr.,knapPI_2_500_1000_15,branch & bound,46696.0,46696.0,published optimum,True,0.0,,True,True,9.441695874556899e-05,500.0,24686.0,,,,,
L0 knapsack,Pisinger weakly corr.,knapPI_2_500_1000_16,DP (numba),46531.0,46531.0,published optimum,True,0.0,,True,True,0.010549167054705322,500.0,,,,,,
L0 knapsack,Pisinger weakly corr.,knapPI_2_500_1000_16,branch & bound,46531.0,46531.0,published optimum,True,0.0,,True,True,5.270796827971935e-05,500.0,5836.0,,,,,
L0 knapsack,Pisinger weakly corr.,knapPI_2_500_1000_17,DP (numba),51848.0,51848.0,published optimum,True,0.0,,True,True,0.01175558299291879,500.0,,,,,,
L0 knapsack,Pisinger weakly corr.,knapPI_2_500_1000_17,branch & bound,51848.0,51848.0,published optimum,True,0.0,,True,True,7.041601929813623e-05,500.0,5978.0,,,,,
L0 knapsack,Pisinger weakly corr.,knapPI_2_500_1000_18,DP (numba),53339.0,53339.0,published optimum,True,0.0,,True,True,0.012135291995946318,500.0,,,,,,
L0 knapsack,Pisinger weakly corr.,knapPI_2_500_1000_18,branch & bound,53339.0,53339.0,published optimum,True,0.0,,True,True,9.104202035814524e-05,500.0,16235.0,,,,,
L0 knapsack,Pisinger weakly corr.,knapPI_2_500_1000_19,DP (numba),54416.0,54416.0,published optimum,True,0.0,,True,True,0.012622915965039283,500.0,,,,,,
L0 knapsack,Pisinger weakly corr.,knapPI_2_500_1000_19,branch & bound,54416.0,54416.0,published optimum,True,0.0,,True,True,5.558301927521825e-05,500.0,3938.0,,,,,
L0 knapsack,Pisinger weakly corr.,knapPI_2_500_1000_20,DP (numba),60277.0,60277.0,published optimum,True,0.0,,True,True,0.013712082989513874,500.0,,,,,,
L0 knapsack,Pisinger weakly corr.,knapPI_2_500_1000_20,branch & bound,60277.0,60277.0,published optimum,True,0.0,,True,True,7.245800225064158e-05,500.0,9854.0,,,,,
L0 knapsack,Pisinger weakly corr.,knapPI_2_1000_1000_1,DP (numba),9052.0,9052.0,published optimum,True,0.0,,True,True,0.002094583003781736,1000.0,,,,,,
L0 knapsack,Pisinger weakly corr.,knapPI_2_1000_1000_1,branch & bound,9052.0,9052.0,published optimum,True,0.0,,True,True,7.650000043213367e-05,1000.0,8686.0,,,,,
L0 knapsack,Pisinger weakly corr.,knapPI_2_1000_1000_2,DP (numba),16184.0,16184.0,published optimum,True,0.0,,True,True,0.004333999997470528,1000.0,,,,,,
L0 knapsack,Pisinger weakly corr.,knapPI_2_1000_1000_2,branch & bound,16184.0,16184.0,published optimum,True,0.0,,True,True,5.754205631092191e-05,1000.0,4008.0,,,,,
L0 knapsack,Pisinger weakly corr.,knapPI_2_1000_1000_3,DP (numba),22085.0,22085.0,published optimum,True,0.0,,True,True,0.007141917012631893,1000.0,,,,,,
L0 knapsack,Pisinger weakly corr.,knapPI_2_1000_1000_3,branch & bound,22085.0,22085.0,published optimum,True,0.0,,True,True,8.358299965038896e-05,1000.0,4314.0,,,,,
L0 knapsack,Pisinger weakly corr.,knapPI_2_1000_1000_4,DP (numba),26930.0,26930.0,published optimum,True,0.0,,True,True,0.008776541973929852,1000.0,,,,,,
L0 knapsack,Pisinger weakly corr.,knapPI_2_1000_1000_4,branch & bound,26930.0,26930.0,published optimum,True,0.0,,True,True,0.0001390830148011446,1000.0,50692.0,,,,,
L0 knapsack,Pisinger weakly corr.,knapPI_2_1000_1000_5,DP (numba),33904.0,33904.0,published optimum,True,0.0,,True,True,0.012138540972955525,1000.0,,,,,,
L0 knapsack,Pisinger weakly corr.,knapPI_2_1000_1000_5,branch & bound,33904.0,33904.0,published optimum,True,0.0,,True,True,0.00012450001668184996,1000.0,36166.0,,,,,
L0 knapsack,Pisinger weakly corr.,knapPI_2_1000_1000_6,DP (numba),39193.0,39193.0,published optimum,True,0.0,,True,True,0.015385832986794412,1000.0,,,,,,
L0 knapsack,Pisinger weakly corr.,knapPI_2_1000_1000_6,branch & bound,39193.0,39193.0,published optimum,True,0.0,,True,True,0.00011449999874457717,1000.0,21307.0,,,,,
L0 knapsack,Pisinger weakly corr.,knapPI_2_1000_1000_7,DP (numba),44707.0,44707.0,published optimum,True,0.0,,True,True,0.0175645420094952,1000.0,,,,,,
L0 knapsack,Pisinger weakly corr.,knapPI_2_1000_1000_7,branch & bound,44707.0,44707.0,published optimum,True,0.0,,True,True,0.0001295830006711185,1000.0,32775.0,,,,,
L0 knapsack,Pisinger weakly corr.,knapPI_2_1000_1000_8,DP (numba),50207.0,50207.0,published optimum,True,0.0,,True,True,0.019560249987989664,1000.0,,,,,,
L0 knapsack,Pisinger weakly corr.,knapPI_2_1000_1000_8,branch & bound,50207.0,50207.0,published optimum,True,0.0,,True,True,0.00010008300887420774,1000.0,8960.0,,,,,
L0 knapsack,Pisinger weakly corr.,knapPI_2_1000_1000_9,DP (numba),54886.0,54886.0,published optimum,True,0.0,,True,True,0.023392167000565678,1000.0,,,,,,
L0 knapsack,Pisinger weakly corr.,knapPI_2_1000_1000_9,branch & bound,54886.0,54886.0,published optimum,True,0.0,,True,True,9.925005724653602e-05,1000.0,6974.0,,,,,
L0 knapsack,Pisinger weakly corr.,knapPI_2_1000_1000_10,DP (numba),62354.0,62354.0,published optimum,True,0.0,,True,True,0.026458791980985552,1000.0,,,,,,
L0 knapsack,Pisinger weakly corr.,knapPI_2_1000_1000_10,branch & bound,62354.0,62354.0,published optimum,True,0.0,,True,True,0.00012020900612697005,1000.0,13975.0,,,,,
L0 knapsack,Pisinger weakly corr.,knapPI_2_1000_1000_11,DP (numba),67941.0,67941.0,published optimum,True,0.0,,True,True,0.028666125028394163,1000.0,,,,,,
L0 knapsack,Pisinger weakly corr.,knapPI_2_1000_1000_11,branch & bound,67941.0,67941.0,published optimum,True,0.0,,True,True,0.00018695800099521875,1000.0,46949.0,,,,,
L0 knapsack,Pisinger weakly corr.,knapPI_2_1000_1000_12,DP (numba),72986.0,72986.0,published optimum,True,0.0,,True,True,0.031889540958218277,1000.0,,,,,,
L0 knapsack,Pisinger weakly corr.,knapPI_2_1000_1000_12,branch & bound,72986.0,72986.0,published optimum,True,0.0,,True,True,0.0001217500539496541,1000.0,15760.0,,,,,
L0 knapsack,Pisinger weakly corr.,knapPI_2_1000_1000_13,DP (numba),78216.0,78216.0,published optimum,True,0.0,,True,True,0.03341749997343868,1000.0,,,,,,
L0 knapsack,Pisinger weakly corr.,knapPI_2_1000_1000_13,branch & bound,78216.0,78216.0,published optimum,True,0.0,,True,True,0.00020875001791864634,1000.0,69145.0,,,,,
L0 knapsack,Pisinger weakly corr.,knapPI_2_1000_1000_14,DP (numba),84223.0,84223.0,published optimum,True,0.0,,True,True,0.03697199997259304,1000.0,,,,,,
L0 knapsack,Pisinger weakly corr.,knapPI_2_1000_1000_14,branch & bound,84223.0,84223.0,published optimum,True,0.0,,True,True,0.000164708006195724,1000.0,36599.0,,,,,
L0 knapsack,Pisinger weakly corr.,knapPI_2_1000_1000_15,DP (numba),90348.0,90348.0,published optimum,True,0.0,,True,True,0.039524583029560745,1000.0,,,,,,
L0 knapsack,Pisinger weakly corr.,knapPI_2_1000_1000_15,branch & bound,90348.0,90348.0,published optimum,True,0.0,,True,True,0.0001460839994251728,1000.0,29564.0,,,,,
L0 knapsack,Pisinger weakly corr.,knapPI_2_1000_1000_16,DP (numba),94504.0,94504.0,published optimum,True,0.0,,True,True,0.04168449999997392,1000.0,,,,,,
L0 knapsack,Pisinger weakly corr.,knapPI_2_1000_1000_16,branch & bound,94504.0,94504.0,published optimum,True,0.0,,True,True,0.00015416700625792146,1000.0,37126.0,,,,,
L0 knapsack,Pisinger weakly corr.,knapPI_2_1000_1000_17,DP (numba),100809.0,100809.0,published optimum,True,0.0,,True,True,0.0438469159998931,1000.0,,,,,,
L0 knapsack,Pisinger weakly corr.,knapPI_2_1000_1000_17,branch & bound,100809.0,100809.0,published optimum,True,0.0,,True,True,0.00013966701226308942,1000.0,21978.0,,,,,
L0 knapsack,Pisinger weakly corr.,knapPI_2_1000_1000_18,DP (numba),105426.0,105426.0,published optimum,True,0.0,,True,True,0.04725054104346782,1000.0,,,,,,
L0 knapsack,Pisinger weakly corr.,knapPI_2_1000_1000_18,branch & bound,105426.0,105426.0,published optimum,True,0.0,,True,True,0.00015458400594070554,1000.0,9605.0,,,,,
L0 knapsack,Pisinger weakly corr.,knapPI_2_1000_1000_19,DP (numba),110841.0,110841.0,published optimum,True,0.0,,True,True,0.04805620899423957,1000.0,,,,,,
L0 knapsack,Pisinger weakly corr.,knapPI_2_1000_1000_19,branch & bound,110841.0,110841.0,published optimum,True,0.0,,True,True,0.00013712502550333738,1000.0,15522.0,,,,,
L0 knapsack,Pisinger weakly corr.,knapPI_2_1000_1000_20,DP (numba),117110.0,117110.0,published optimum,True,0.0,,True,True,0.05883824999909848,1000.0,,,,,,
L0 knapsack,Pisinger weakly corr.,knapPI_2_1000_1000_20,branch & bound,117110.0,117110.0,published optimum,True,0.0,,True,True,0.0001319579896517098,1000.0,6563.0,,,,,
L0 knapsack,Pisinger weakly corr.,knapPI_2_2000_1000_1,DP (numba),18051.0,18051.0,published optimum,True,0.0,,True,True,0.008247332996688783,2000.0,,,,,,
L0 knapsack,Pisinger weakly corr.,knapPI_2_2000_1000_1,branch & bound,18051.0,18051.0,published optimum,True,0.0,,True,True,0.0001776249846443534,2000.0,33743.0,,,,,
L0 knapsack,Pisinger weakly corr.,knapPI_2_2000_1000_2,DP (numba),31812.0,31812.0,published optimum,True,0.0,,True,True,0.01764312497107312,2000.0,,,,,,
L0 knapsack,Pisinger weakly corr.,knapPI_2_2000_1000_2,branch & bound,31812.0,31812.0,published optimum,True,0.0,,True,True,0.00016033300198614597,2000.0,26900.0,,,,,
L0 knapsack,Pisinger weakly corr.,knapPI_2_2000_1000_3,DP (numba),44230.0,44230.0,published optimum,True,0.0,,True,True,0.02606591599760577,2000.0,,,,,,
L0 knapsack,Pisinger weakly corr.,knapPI_2_2000_1000_3,branch & bound,44230.0,44230.0,published optimum,True,0.0,,True,True,0.00019616697682067752,2000.0,41851.0,,,,,
L0 knapsack,Pisinger weakly corr.,knapPI_2_2000_1000_4,DP (numba),55044.0,55044.0,published optimum,True,0.0,,True,True,0.03596174996346235,2000.0,,,,,,
L0 knapsack,Pisinger weakly corr.,knapPI_2_2000_1000_4,branch & bound,55044.0,55044.0,published optimum,True,0.0,,True,True,0.0001798340235836804,2000.0,23200.0,,,,,
L0 knapsack,Pisinger weakly corr.,knapPI_2_2000_1000_5,DP (numba),67455.0,67455.0,published optimum,True,0.0,,True,True,0.0585737910005264,2000.0,,,,,,
L0 knapsack,Pisinger weakly corr.,knapPI_2_2000_1000_5,branch & bound,67455.0,67455.0,published optimum,True,0.0,,True,True,0.00021079101134091616,2000.0,43251.0,,,,,
L0 knapsack,Pisinger weakly corr.,knapPI_2_2000_1000_6,DP (numba),79240.0,79240.0,published optimum,True,0.0,,True,True,0.06504020799184218,2000.0,,,,,,
L0 knapsack,Pisinger weakly corr.,knapPI_2_2000_1000_6,branch & bound,79240.0,79240.0,published optimum,True,0.0,,True,True,0.00020170898642390966,2000.0,28982.0,,,,,
L0 knapsack,Pisinger weakly corr.,knapPI_2_2000_1000_7,DP (numba),89863.0,89863.0,published optimum,True,0.0,,True,True,0.07528795901453122,2000.0,,,,,,
L0 knapsack,Pisinger weakly corr.,knapPI_2_2000_1000_7,branch & bound,89863.0,89863.0,published optimum,True,0.0,,True,True,0.0003487499780021608,2000.0,88869.0,,,,,
L0 knapsack,Pisinger weakly corr.,knapPI_2_2000_1000_8,DP (numba),102174.0,102174.0,published optimum,True,0.0,,True,True,0.08516033296473324,2000.0,,,,,,
L0 knapsack,Pisinger weakly corr.,knapPI_2_2000_1000_8,branch & bound,102174.0,102174.0,published optimum,True,0.0,,True,True,0.00041149999015033245,2000.0,115033.0,,,,,
L0 knapsack,Pisinger weakly corr.,knapPI_2_2000_1000_9,DP (numba),112746.0,112746.0,published optimum,True,0.0,,True,True,0.08068204199662432,2000.0,,,,,,
L0 knapsack,Pisinger weakly corr.,knapPI_2_2000_1000_9,branch & bound,112746.0,112746.0,published optimum,True,0.0,,True,True,0.00021070800721645355,2000.0,16524.0,,,,,
L0 knapsack,Pisinger weakly corr.,knapPI_2_2000_1000_10,DP (numba),125260.0,125260.0,published optimum,True,0.0,,True,True,0.08898383402265608,2000.0,,,,,,
L0 knapsack,Pisinger weakly corr.,knapPI_2_2000_1000_10,branch & bound,125260.0,125260.0,published optimum,True,0.0,,True,True,0.0002524169976823032,2000.0,22804.0,,,,,
L0 knapsack,Pisinger weakly corr.,knapPI_2_2000_1000_11,DP (numba),136959.0,136959.0,published optimum,True,0.0,,True,True,0.09894687501946464,2000.0,,,,,,
L0 knapsack,Pisinger weakly corr.,knapPI_2_2000_1000_11,branch & bound,136959.0,136959.0,published optimum,True,0.0,,True,True,0.000282708031591028,2000.0,47063.0,,,,,
L0 knapsack,Pisinger weakly corr.,knapPI_2_2000_1000_12,DP (numba),145628.0,145628.0,published optimum,True,0.0,,True,True,0.10737529199104756,2000.0,,,,,,
L0 knapsack,Pisinger weakly corr.,knapPI_2_2000_1000_12,branch & bound,145628.0,145628.0,published optimum,True,0.0,,True,True,0.0002704579965211451,2000.0,29430.0,,,,,
L0 knapsack,Pisinger weakly corr.,knapPI_2_2000_1000_13,DP (numba),155160.0,155160.0,published optimum,True,0.0,,True,True,0.11667729198234156,2000.0,,,,,,
L0 knapsack,Pisinger weakly corr.,knapPI_2_2000_1000_13,branch & bound,155160.0,155160.0,published optimum,True,0.0,,True,True,0.0003023750032298267,2000.0,43202.0,,,,,
L0 knapsack,Pisinger weakly corr.,knapPI_2_2000_1000_14,DP (numba),171251.0,171251.0,published optimum,True,0.0,,True,True,0.13010616699466482,2000.0,,,,,,
L0 knapsack,Pisinger weakly corr.,knapPI_2_2000_1000_14,branch & bound,171251.0,171251.0,published optimum,True,0.0,,True,True,0.00026825000531971455,2000.0,12734.0,,,,,
L0 knapsack,Pisinger weakly corr.,knapPI_2_2000_1000_15,DP (numba),178435.0,178435.0,published optimum,True,0.0,,True,True,0.13371812499826774,2000.0,,,,,,
L0 knapsack,Pisinger weakly corr.,knapPI_2_2000_1000_15,branch & bound,178435.0,178435.0,published optimum,True,0.0,,True,True,0.00027133297407999635,2000.0,20897.0,,,,,
L0 knapsack,Pisinger weakly corr.,knapPI_2_2000_1000_16,DP (numba),191045.0,191045.0,published optimum,True,0.0,,True,True,0.14654787501785904,2000.0,,,,,,
L0 knapsack,Pisinger weakly corr.,knapPI_2_2000_1000_16,branch & bound,191045.0,191045.0,published optimum,True,0.0,,True,True,0.0003803329891525209,2000.0,93296.0,,,,,
L0 knapsack,Pisinger weakly corr.,knapPI_2_2000_1000_17,DP (numba),202168.0,202168.0,published optimum,True,0.0,,True,True,0.1519657499738969,2000.0,,,,,,
L0 knapsack,Pisinger weakly corr.,knapPI_2_2000_1000_17,branch & bound,202168.0,202168.0,published optimum,True,0.0,,True,True,0.00033425004221498966,2000.0,46098.0,,,,,
L0 knapsack,Pisinger weakly corr.,knapPI_2_2000_1000_18,DP (numba),209224.0,209224.0,published optimum,True,0.0,,True,True,0.1607369999983348,2000.0,,,,,,
L0 knapsack,Pisinger weakly corr.,knapPI_2_2000_1000_18,branch & bound,209224.0,209224.0,published optimum,True,0.0,,True,True,0.0004214160144329071,2000.0,115054.0,,,,,
L0 knapsack,Pisinger weakly corr.,knapPI_2_2000_1000_19,DP (numba),225257.0,225257.0,published optimum,True,0.0,,True,True,0.19666483299806714,2000.0,,,,,,
L0 knapsack,Pisinger weakly corr.,knapPI_2_2000_1000_19,branch & bound,225257.0,225257.0,published optimum,True,0.0,,True,True,0.0002930830232799053,2000.0,11033.0,,,,,
L0 knapsack,Pisinger weakly corr.,knapPI_2_2000_1000_20,DP (numba),232095.0,232095.0,published optimum,True,0.0,,True,True,0.201343042019289,2000.0,,,,,,
L0 knapsack,Pisinger weakly corr.,knapPI_2_2000_1000_20,branch & bound,232095.0,232095.0,published optimum,True,0.0,,True,True,0.0003433749661780894,2000.0,23118.0,,,,,
L0 knapsack,Pisinger strongly corr.,knapPI_3_50_1000_1,DP (numba),1894.0,1894.0,published optimum,True,0.0,,True,True,1.9915984012186527e-05,50.0,,,,,,
L0 knapsack,Pisinger strongly corr.,knapPI_3_50_1000_1,branch & bound,1894.0,1894.0,published optimum,True,0.0,,True,True,1.6834004782140255e-05,50.0,1246.0,,,,,
L0 knapsack,Pisinger strongly corr.,knapPI_3_50_1000_2,DP (numba),1678.0,1678.0,published optimum,True,0.0,,True,True,1.387501833960414e-05,50.0,,,,,,
L0 knapsack,Pisinger strongly corr.,knapPI_3_50_1000_2,branch & bound,1678.0,1678.0,published optimum,True,0.0,,True,True,8.875038474798203e-06,50.0,124.0,,,,,
L0 knapsack,Pisinger strongly corr.,knapPI_3_50_1000_3,DP (numba),1798.0,1798.0,published optimum,True,0.0,,True,True,1.633400097489357e-05,50.0,,,,,,
L0 knapsack,Pisinger strongly corr.,knapPI_3_50_1000_3,branch & bound,1798.0,1798.0,published optimum,True,0.0,,True,True,1.2749980669468641e-05,50.0,3438.0,,,,,
L0 knapsack,Pisinger strongly corr.,knapPI_3_50_1000_4,DP (numba),1897.0,1897.0,published optimum,True,0.0,,True,True,1.8041988369077444e-05,50.0,,,,,,
L0 knapsack,Pisinger strongly corr.,knapPI_3_50_1000_4,branch & bound,1897.0,1897.0,published optimum,True,0.0,,True,True,9.124982170760632e-06,50.0,1712.0,,,,,
L0 knapsack,Pisinger strongly corr.,knapPI_3_50_1000_5,DP (numba),2415.0,2415.0,published optimum,True,0.0,,True,True,2.7458008844405413e-05,50.0,,,,,,
L0 knapsack,Pisinger strongly corr.,knapPI_3_50_1000_5,branch & bound,2415.0,2415.0,published optimum,True,0.0,,True,True,6.792019121348858e-06,50.0,161.0,,,,,
L0 knapsack,Pisinger strongly corr.,knapPI_3_50_1000_6,DP (numba),2588.0,2588.0,published optimum,True,0.0,,True,True,3.450002986937761e-05,50.0,,,,,,
L0 knapsack,Pisinger strongly corr.,knapPI_3_50_1000_6,branch & bound,2588.0,2588.0,published optimum,True,0.0,,True,True,1.1165975593030453e-05,50.0,3090.0,,,,,
L0 knapsack,Pisinger strongly corr.,knapPI_3_50_1000_7,DP (numba),2910.0,2910.0,published optimum,True,0.0,,True,True,4.99580055475235e-05,50.0,,,,,,
L0 knapsack,Pisinger strongly corr.,knapPI_3_50_1000_7,branch & bound,2910.0,2910.0,published optimum,True,0.0,,True,True,6.708025466650724e-06,50.0,141.0,,,,,
L0 knapsack,Pisinger strongly corr.,knapPI_3_50_1000_8,DP (numba),3241.0,3241.0,published optimum,True,0.0,,True,True,5.5458047427237034e-05,50.0,,,,,,
L0 knapsack,Pisinger strongly corr.,knapPI_3_50_1000_8,branch & bound,3241.0,3241.0,published optimum,True,0.0,,True,True,1.899997005239129e-05,50.0,7953.0,,,,,
L0 knapsack,Pisinger strongly corr.,knapPI_3_50_1000_9,DP (numba),3458.0,3458.0,published optimum,True,0.0,,True,True,7.145898416638374e-05,50.0,,,,,,
L0 knapsack,Pisinger strongly corr.,knapPI_3_50_1000_9,branch & bound,3458.0,3458.0,published optimum,True,0.0,,True,True,7.833994459360838e-06,50.0,969.0,,,,,
L0 knapsack,Pisinger strongly corr.,knapPI_3_50_1000_10,DP (numba),4226.0,4226.0,published optimum,True,0.0,,True,True,7.754098623991013e-05,50.0,,,,,,
L0 knapsack,Pisinger strongly corr.,knapPI_3_50_1000_10,branch & bound,4226.0,4226.0,published optimum,True,0.0,,True,True,6.4159976318478584e-06,50.0,74.0,,,,,
L0 knapsack,Pisinger strongly corr.,knapPI_3_50_1000_11,DP (numba),4230.0,4230.0,published optimum,True,0.0,,True,True,6.445898907259107e-05,50.0,,,,,,
L0 knapsack,Pisinger strongly corr.,knapPI_3_50_1000_11,branch & bound,4230.0,4230.0,published optimum,True,0.0,,True,True,7.540977094322443e-06,50.0,625.0,,,,,
L0 knapsack,Pisinger strongly corr.,knapPI_3_50_1000_12,DP (numba),4909.0,4909.0,published optimum,True,0.0,,True,True,0.00011162500595673919,50.0,,,,,,
L0 knapsack,Pisinger strongly corr.,knapPI_3_50_1000_12,branch & bound,4909.0,4909.0,published optimum,True,0.0,,True,True,1.2416974641382694e-05,50.0,4110.0,,,,,
L0 knapsack,Pisinger strongly corr.,knapPI_3_50_1000_13,DP (numba),4995.0,4995.0,published optimum,True,0.0,,True,True,9.237503400072455e-05,50.0,,,,,,
L0 knapsack,Pisinger strongly corr.,knapPI_3_50_1000_13,branch & bound,4995.0,4995.0,published optimum,True,0.0,,True,True,6.9579691626131535e-06,50.0,359.0,,,,,
L0 knapsack,Pisinger strongly corr.,knapPI_3_50_1000_14,DP (numba),5621.0,5621.0,published optimum,True,0.0,,True,True,0.00012216699542477727,50.0,,,,,,
L0 knapsack,Pisinger strongly corr.,knapPI_3_50_1000_14,branch & bound,5621.0,5621.0,published optimum,True,0.0,,True,True,6.707967258989811e-06,50.0,126.0,,,,,
L0 knapsack,Pisinger strongly corr.,knapPI_3_50_1000_15,DP (numba),5978.0,5978.0,published optimum,True,0.0,,True,True,0.00014933303464204073,50.0,,,,,,
L0 knapsack,Pisinger strongly corr.,knapPI_3_50_1000_15,branch & bound,5978.0,5978.0,published optimum,True,0.0,,True,True,1.2958014849573374e-05,50.0,4492.0,,,,,
L0 knapsack,Pisinger strongly corr.,knapPI_3_50_1000_16,DP (numba),6202.0,6202.0,published optimum,True,0.0,,True,True,0.00014470802852883935,50.0,,,,,,
L0 knapsack,Pisinger strongly corr.,knapPI_3_50_1000_16,branch & bound,6202.0,6202.0,published optimum,True,0.0,,True,True,6.208952981978655e-06,50.0,71.0,,,,,
L0 knapsack,Pisinger strongly corr.,knapPI_3_50_1000_17,DP (numba),6365.0,6365.0,published optimum,True,0.0,,True,True,0.00014958297833800316,50.0,,,,,,
L0 knapsack,Pisinger strongly corr.,knapPI_3_50_1000_17,branch & bound,6365.0,6365.0,published optimum,True,0.0,,True,True,4.5833003241568804e-05,50.0,28991.0,,,,,
L0 knapsack,Pisinger strongly corr.,knapPI_3_50_1000_18,DP (numba),6150.0,6150.0,published optimum,True,0.0,,True,True,0.0001715839607641101,50.0,,,,,,
L0 knapsack,Pisinger strongly corr.,knapPI_3_50_1000_18,branch & bound,6150.0,6150.0,published optimum,True,0.0,,True,True,8.529197657480836e-05,50.0,58221.0,,,,,
L0 knapsack,Pisinger strongly corr.,knapPI_3_50_1000_19,DP (numba),6815.0,6815.0,published optimum,True,0.0,,True,True,0.00016499997582286596,50.0,,,,,,
L0 knapsack,Pisinger strongly corr.,knapPI_3_50_1000_19,branch & bound,6815.0,6815.0,published optimum,True,0.0,,True,True,1.1000025551766157e-05,50.0,2887.0,,,,,
L0 knapsack,Pisinger strongly corr.,knapPI_3_50_1000_20,DP (numba),7611.0,7611.0,published optimum,True,0.0,,True,True,0.0002097500255331397,50.0,,,,,,
L0 knapsack,Pisinger strongly corr.,knapPI_3_50_1000_20,branch & bound,7611.0,7611.0,published optimum,True,0.0,,True,True,0.00026304100174456835,50.0,190383.0,,,,,
L0 knapsack,Pisinger strongly corr.,knapPI_3_100_1000_1,DP (numba),2397.0,2397.0,published optimum,True,0.0,,True,True,4.2666972149163485e-05,100.0,,,,,,
L0 knapsack,Pisinger strongly corr.,knapPI_3_100_1000_1,branch & bound,2397.0,2397.0,published optimum,True,0.0,,True,True,1.1916039511561394e-05,100.0,720.0,,,,,
L0 knapsack,Pisinger strongly corr.,knapPI_3_100_1000_2,DP (numba),2243.0,2243.0,published optimum,True,0.0,,True,True,3.504101186990738e-05,100.0,,,,,,
L0 knapsack,Pisinger strongly corr.,knapPI_3_100_1000_2,branch & bound,2243.0,2243.0,published optimum,True,0.0,,True,True,5.804200191050768e-05,100.0,37822.0,,,,,
L0 knapsack,Pisinger strongly corr.,knapPI_3_100_1000_3,DP (numba),3320.0,3320.0,published optimum,True,0.0,,True,True,7.312500383704901e-05,100.0,,,,,,
L0 knapsack,Pisinger strongly corr.,knapPI_3_100_1000_3,branch & bound,3320.0,3320.0,published optimum,True,0.0,,True,True,8.542032446712255e-06,100.0,544.0,,,,,
L0 knapsack,Pisinger strongly corr.,knapPI_3_100_1000_4,DP (numba),3773.0,3773.0,published optimum,True,0.0,,True,True,9.67920059338212e-05,100.0,,,,,,
L0 knapsack,Pisinger strongly corr.,knapPI_3_100_1000_4,branch & bound,3773.0,3773.0,published optimum,True,0.0,,True,True,1.8040998838841915e-05,100.0,5364.0,,,,,
L0 knapsack,Pisinger strongly corr.,knapPI_3_100_1000_5,DP (numba),4599.0,4599.0,published optimum,True,0.0,,True,True,0.00014945800649002194,100.0,,,,,,
L0 knapsack,Pisinger strongly corr.,knapPI_3_100_1000_5,branch & bound,4599.0,4599.0,published optimum,True,0.0,,True,True,2.5124987587332726e-05,100.0,11674.0,,,,,
L0 knapsack,Pisinger strongly corr.,knapPI_3_100_1000_6,DP (numba),5397.0,5397.0,published optimum,True,0.0,,True,True,0.00018220796482637525,100.0,,,,,,
L0 knapsack,Pisinger strongly corr.,knapPI_3_100_1000_6,branch & bound,5397.0,5397.0,published optimum,True,0.0,,True,True,2.4291977752000093e-05,100.0,11380.0,,,,,
L0 knapsack,Pisinger strongly corr.,knapPI_3_100_1000_7,DP (numba),5893.0,5893.0,published optimum,True,0.0,,True,True,0.000250082986894995,100.0,,,,,,
L0 knapsack,Pisinger strongly corr.,knapPI_3_100_1000_7,branch & bound,5893.0,5893.0,published optimum,True,0.0,,True,True,0.0014222909812815487,100.0,1073665.0,,,,,
L0 knapsack,Pisinger strongly corr.,knapPI_3_100_1000_8,DP (numba),6883.0,6883.0,published optimum,True,0.0,,True,True,0.0002693330170586705,100.0,,,,,,
L0 knapsack,Pisinger strongly corr.,knapPI_3_100_1000_8,branch & bound,6883.0,6883.0,published optimum,True,0.0,,True,True,1.9457947928458452e-05,100.0,7535.0,,,,,
L0 knapsack,Pisinger strongly corr.,knapPI_3_100_1000_9,DP (numba),6988.0,6988.0,published optimum,True,0.0,,True,True,0.0003013749956153333,100.0,,,,,,
L0 knapsack,Pisinger strongly corr.,knapPI_3_100_1000_9,branch & bound,6988.0,6988.0,published optimum,True,0.0,,True,True,0.0004330000374466181,100.0,314509.0,,,,,
L0 knapsack,Pisinger strongly corr.,knapPI_3_100_1000_10,DP (numba),7966.0,7966.0,published optimum,True,0.0,,True,True,0.0003688749857246876,100.0,,,,,,
L0 knapsack,Pisinger strongly corr.,knapPI_3_100_1000_10,branch & bound,7966.0,7966.0,published optimum,True,0.0,,True,True,3.566697705537081e-05,100.0,18124.0,,,,,
L0 knapsack,Pisinger strongly corr.,knapPI_3_100_1000_11,DP (numba),8556.0,8556.0,published optimum,True,0.0,,True,True,0.00033062498550862074,100.0,,,,,,
L0 knapsack,Pisinger strongly corr.,knapPI_3_100_1000_11,branch & bound,8556.0,8556.0,published optimum,True,0.0,,True,True,2.2332998923957348e-05,100.0,9499.0,,,,,
L0 knapsack,Pisinger strongly corr.,knapPI_3_100_1000_12,DP (numba),9672.0,9672.0,published optimum,True,0.0,,True,True,0.0004528750432655215,100.0,,,,,,
L0 knapsack,Pisinger strongly corr.,knapPI_3_100_1000_12,branch & bound,9672.0,9672.0,published optimum,True,0.0,,True,True,0.00016729201888665557,100.0,120869.0,,,,,
L0 knapsack,Pisinger strongly corr.,knapPI_3_100_1000_13,DP (numba),10333.0,10333.0,published optimum,True,0.0,,True,True,0.0004330000374466181,100.0,,,,,,
L0 knapsack,Pisinger strongly corr.,knapPI_3_100_1000_13,branch & bound,10333.0,10333.0,published optimum,True,0.0,,True,True,3.662501694634557e-05,100.0,20981.0,,,,,
L0 knapsack,Pisinger strongly corr.,knapPI_3_100_1000_14,DP (numba),11198.0,11198.0,published optimum,True,0.0,,True,True,0.0005318750045262277,100.0,,,,,,
L0 knapsack,Pisinger strongly corr.,knapPI_3_100_1000_14,branch & bound,11198.0,11198.0,published optimum,True,0.0,,True,True,1.633400097489357e-05,100.0,5249.0,,,,,
L0 knapsack,Pisinger strongly corr.,knapPI_3_100_1000_15,DP (numba),11777.0,11777.0,published optimum,True,0.0,,True,True,0.0005624580080620944,100.0,,,,,,
L0 knapsack,Pisinger strongly corr.,knapPI_3_100_1000_15,branch & bound,11777.0,11777.0,published optimum,True,0.0,,False,True,0.006419582990929484,100.0,5000001.0,,,,,
L0 knapsack,Pisinger strongly corr.,knapPI_3_100_1000_16,DP (numba),12242.0,12242.0,published optimum,True,0.0,,True,True,0.0005924160359427333,100.0,,,,,,
L0 knapsack,Pisinger strongly corr.,knapPI_3_100_1000_16,branch & bound,12242.0,12242.0,published optimum,True,0.0,,True,True,0.0005125830066390336,100.0,393743.0,,,,,
L0 knapsack,Pisinger strongly corr.,knapPI_3_100_1000_17,DP (numba),12777.0,12777.0,published optimum,True,0.0,,True,True,0.0006412910297513008,100.0,,,,,,
L0 knapsack,Pisinger strongly corr.,knapPI_3_100_1000_17,branch & bound,12777.0,12777.0,published optimum,True,0.0,,True,True,8.987501496449113e-05,100.0,58754.0,,,,,
L0 knapsack,Pisinger strongly corr.,knapPI_3_100_1000_18,DP (numba),13090.0,13090.0,published optimum,True,0.0,,True,True,0.0006442089797928929,100.0,,,,,,
L0 knapsack,Pisinger strongly corr.,knapPI_3_100_1000_18,branch & bound,13090.0,13090.0,published optimum,True,0.0,,True,True,0.0019232920021750033,100.0,1503171.0,,,,,
L0 knapsack,Pisinger strongly corr.,knapPI_3_100_1000_19,DP (numba),13285.0,13285.0,published optimum,True,0.0,,True,True,0.0006432919763028622,100.0,,,,,,
L0 knapsack,Pisinger strongly corr.,knapPI_3_100_1000_19,branch & bound,13285.0,13285.0,published optimum,True,0.0,,True,True,6.22920342721045e-05,100.0,39751.0,,,,,
L0 knapsack,Pisinger strongly corr.,knapPI_3_100_1000_20,DP (numba),15106.0,15106.0,published optimum,True,0.0,,True,True,0.0007836250006221235,100.0,,,,,,
L0 knapsack,Pisinger strongly corr.,knapPI_3_100_1000_20,branch & bound,15106.0,15106.0,published optimum,True,0.0,,False,True,0.006295165978372097,100.0,5000001.0,,,,,
L0 knapsack,Pisinger strongly corr.,knapPI_3_200_1000_1,DP (numba),2697.0,2697.0,published optimum,True,0.0,,True,True,7.812504190951586e-05,200.0,,,,,,
L0 knapsack,Pisinger strongly corr.,knapPI_3_200_1000_1,branch & bound,2697.0,2697.0,published optimum,True,0.0,,True,True,0.00017029198352247477,200.0,111276.0,,,,,
L0 knapsack,Pisinger strongly corr.,knapPI_3_200_1000_2,DP (numba),4577.0,4577.0,published optimum,True,0.0,,True,True,0.00018841598648577929,200.0,,,,,,
L0 knapsack,Pisinger strongly corr.,knapPI_3_200_1000_2,branch & bound,4577.0,4577.0,published optimum,True,0.0,,True,True,0.004022917011752725,200.0,3222405.0,,,,,
L0 knapsack,Pisinger strongly corr.,knapPI_3_200_1000_3,DP (numba),6458.0,6458.0,published optimum,True,0.0,,True,True,0.00033787504071369767,200.0,,,,,,
L0 knapsack,Pisinger strongly corr.,knapPI_3_200_1000_3,branch & bound,6458.0,6458.0,published optimum,True,0.0,,True,True,0.0001805830397643149,200.0,132342.0,,,,,
L0 knapsack,Pisinger strongly corr.,knapPI_3_200_1000_4,DP (numba),7968.0,7968.0,published optimum,True,0.0,,True,True,0.0004574169870465994,200.0,,,,,,
L0 knapsack,Pisinger strongly corr.,knapPI_3_200_1000_4,branch & bound,7968.0,7968.0,published optimum,True,0.0,,True,True,0.00013758399290964007,200.0,99230.0,,,,,
L0 knapsack,Pisinger strongly corr.,knapPI_3_200_1000_5,DP (numba),8982.0,8982.0,published optimum,True,0.0,,True,True,0.0005618750001303852,200.0,,,,,,
L0 knapsack,Pisinger strongly corr.,knapPI_3_200_1000_5,branch & bound,8982.0,8982.0,published optimum,True,0.0,,True,True,0.0007337499991990626,200.0,563000.0,,,,,
L0 knapsack,Pisinger strongly corr.,knapPI_3_200_1000_6,DP (numba),10583.0,10583.0,published optimum,True,0.0,,True,True,0.0006775829824618995,200.0,,,,,,
L0 knapsack,Pisinger strongly corr.,knapPI_3_200_1000_6,branch & bound,10583.0,10583.0,published optimum,True,0.0,,False,True,0.006251665996387601,200.0,5000001.0,,,,,
L0 knapsack,Pisinger strongly corr.,knapPI_3_200_1000_7,DP (numba),11687.0,11687.0,published optimum,True,0.0,,True,True,0.0008605829789303243,200.0,,,,,,
L0 knapsack,Pisinger strongly corr.,knapPI_3_200_1000_7,branch & bound,11687.0,11687.0,published optimum,True,0.0,,False,True,0.006177125032991171,200.0,5000001.0,,,,,
L0 knapsack,Pisinger strongly corr.,knapPI_3_200_1000_8,DP (numba),13533.0,13533.0,published optimum,True,0.0,,True,True,0.0009639590280130506,200.0,,,,,,
L0 knapsack,Pisinger strongly corr.,knapPI_3_200_1000_8,branch & bound,13533.0,13533.0,published optimum,True,0.0,,False,True,0.006255582964513451,200.0,5000001.0,,,,,
L0 knapsack,Pisinger strongly corr.,knapPI_3_200_1000_9,DP (numba),13745.0,13745.0,published optimum,True,0.0,,True,True,0.001010957988910377,200.0,,,,,,
L0 knapsack,Pisinger strongly corr.,knapPI_3_200_1000_9,branch & bound,13745.0,13745.0,published optimum,True,0.0,,True,True,0.00022504199296236038,200.0,166924.0,,,,,
L0 knapsack,Pisinger strongly corr.,knapPI_3_200_1000_10,DP (numba),16108.0,16108.0,published optimum,True,0.0,,True,True,0.0014029999729245901,200.0,,,,,,
L0 knapsack,Pisinger strongly corr.,knapPI_3_200_1000_10,branch & bound,16108.0,16108.0,published optimum,True,0.0,,False,True,0.006139791978057474,200.0,5000001.0,,,,,
L0 knapsack,Pisinger strongly corr.,knapPI_3_200_1000_11,DP (numba),17082.0,17082.0,published optimum,True,0.0,,True,True,0.0013727499754168093,200.0,,,,,,
L0 knapsack,Pisinger strongly corr.,knapPI_3_200_1000_11,branch & bound,17082.0,17082.0,published optimum,True,0.0,,False,True,0.006281915993895382,200.0,5000001.0,,,,,
L0 knapsack,Pisinger strongly corr.,knapPI_3_200_1000_12,DP (numba),18932.0,18932.0,published optimum,True,0.0,,True,True,0.0016467079985886812,200.0,,,,,,
L0 knapsack,Pisinger strongly corr.,knapPI_3_200_1000_12,branch & bound,18932.0,18932.0,published optimum,True,0.0,,False,True,0.006208208971656859,200.0,5000001.0,,,,,
L0 knapsack,Pisinger strongly corr.,knapPI_3_200_1000_13,DP (numba),19880.0,19880.0,published optimum,True,0.0,,True,True,0.0016742500010877848,200.0,,,,,,
L0 knapsack,Pisinger strongly corr.,knapPI_3_200_1000_13,branch & bound,19880.0,19880.0,published optimum,True,0.0,,False,True,0.006560541980434209,200.0,5000001.0,,,,,
L0 knapsack,Pisinger strongly corr.,knapPI_3_200_1000_14,DP (numba),21752.0,21752.0,published optimum,True,0.0,,True,True,0.0019402080215513706,200.0,,,,,,
L0 knapsack,Pisinger strongly corr.,knapPI_3_200_1000_14,branch & bound,21752.0,21752.0,published optimum,True,0.0,,False,True,0.00621095800306648,200.0,5000001.0,,,,,
L0 knapsack,Pisinger strongly corr.,knapPI_3_200_1000_15,DP (numba),23346.0,23346.0,published optimum,True,0.0,,True,True,0.0021560420282185078,200.0,,,,,,
L0 knapsack,Pisinger strongly corr.,knapPI_3_200_1000_15,branch & bound,23346.0,23346.0,published optimum,True,0.0,,False,True,0.006201707990840077,200.0,5000001.0,,,,,
L0 knapsack,Pisinger strongly corr.,knapPI_3_200_1000_16,DP (numba),23853.0,23853.0,published optimum,True,0.0,,True,True,0.0019509170087985694,200.0,,,,,,
L0 knapsack,Pisinger strongly corr.,knapPI_3_200_1000_16,branch & bound,23853.0,23853.0,published optimum,True,0.0,,True,True,5.1125010941177607e-05,200.0,21579.0,,,,,
L0 knapsack,Pisinger strongly corr.,knapPI_3_200_1000_17,DP (numba),25147.0,25147.0,published optimum,True,0.0,,True,True,0.0022696669911965728,200.0,,,,,,
L0 knapsack,Pisinger strongly corr.,knapPI_3_200_1000_17,branch & bound,25147.0,25147.0,published optimum,True,0.0,,False,True,0.006544208968989551,200.0,5000001.0,,,,,
L0 knapsack,Pisinger strongly corr.,knapPI_3_200_1000_18,DP (numba),26488.0,26488.0,published optimum,True,0.0,,True,True,0.002875540987588465,200.0,,,,,,
L0 knapsack,Pisinger strongly corr.,knapPI_3_200_1000_18,branch & bound,26488.0,26488.0,published optimum,True,0.0,,False,True,0.00714295799843967,200.0,5000001.0,,,,,
L0 knapsack,Pisinger strongly corr.,knapPI_3_200_1000_19,DP (numba),26866.0,26866.0,published optimum,True,0.0,,True,True,0.0024616249720565975,200.0,,,,,,
L0 knapsack,Pisinger strongly corr.,knapPI_3_200_1000_19,branch & bound,26866.0,26866.0,published optimum,True,0.0,,True,True,0.002674916002433747,200.0,1991062.0,,,,,
L0 knapsack,Pisinger strongly corr.,knapPI_3_200_1000_20,DP (numba),30157.0,30157.0,published optimum,True,0.0,,True,True,0.0028415420092642307,200.0,,,,,,
L0 knapsack,Pisinger strongly corr.,knapPI_3_200_1000_20,branch & bound,30157.0,30157.0,published optimum,True,0.0,,False,True,0.007004916958976537,200.0,5000001.0,,,,,
L0 knapsack,Pisinger strongly corr.,knapPI_3_500_1000_1,DP (numba),7117.0,7117.0,published optimum,True,0.0,,True,True,0.0006318750092759728,500.0,,,,,,
L0 knapsack,Pisinger strongly corr.,knapPI_3_500_1000_1,branch & bound,7117.0,7117.0,published optimum,True,0.0,,True,True,0.000301916035823524,500.0,173039.0,,,,,
L0 knapsack,Pisinger strongly corr.,knapPI_3_500_1000_2,DP (numba),11836.0,11836.0,published optimum,True,0.0,,True,True,0.0015768750454299152,500.0,,,,,,
L0 knapsack,Pisinger strongly corr.,knapPI_3_500_1000_2,branch & bound,11836.0,11836.0,published optimum,True,0.0,,False,True,0.00675899995258078,500.0,5000001.0,,,,,
L0 knapsack,Pisinger strongly corr.,knapPI_3_500_1000_3,DP (numba),16117.0,16117.0,published optimum,True,0.0,,True,True,0.0018715829937718809,500.0,,,,,,
L0 knapsack,Pisinger strongly corr.,knapPI_3_500_1000_3,branch & bound,16117.0,16117.0,published optimum,True,0.0,,True,True,0.0001174590433947742,500.0,60934.0,,,,,
L0 knapsack,Pisinger strongly corr.,knapPI_3_500_1000_4,DP (numba),20319.0,20319.0,published optimum,True,0.0,,True,True,0.0028959159972146153,500.0,,,,,,
L0 knapsack,Pisinger strongly corr.,knapPI_3_500_1000_4,branch & bound,20319.0,20319.0,published optimum,True,0.0,,False,True,0.006650124967563897,500.0,5000001.0,,,,,
L0 knapsack,Pisinger strongly corr.,knapPI_3_500_1000_5,DP (numba),23216.0,23216.0,published optimum,True,0.0,,True,True,0.00405654200585559,500.0,,,,,,
L0 knapsack,Pisinger strongly corr.,knapPI_3_500_1000_5,branch & bound,23216.0,23216.0,published optimum,True,0.0,,False,True,0.006821249960921705,500.0,5000001.0,,,,,
L0 knapsack,Pisinger strongly corr.,knapPI_3_500_1000_6,DP (numba),26896.0,26896.0,published optimum,True,0.0,,True,True,0.004275000013876706,500.0,,,,,,
L0 knapsack,Pisinger strongly corr.,knapPI_3_500_1000_6,branch & bound,26896.0,26896.0,published optimum,True,0.0,,True,True,0.0012513750116340816,500.0,980493.0,,,,,
L0 knapsack,Pisinger strongly corr.,knapPI_3_500_1000_7,DP (numba),29993.0,29993.0,published optimum,True,0.0,,True,True,0.005675791995599866,500.0,,,,,,
L0 knapsack,Pisinger strongly corr.,knapPI_3_500_1000_7,branch & bound,29993.0,29993.0,published optimum,True,0.0,,True,True,0.0009068750077858567,500.0,649148.0,,,,,
L0 knapsack,Pisinger strongly corr.,knapPI_3_500_1000_8,DP (numba),32950.0,32950.0,published optimum,True,0.0,,True,True,0.0072286250069737434,500.0,,,,,,
L0 knapsack,Pisinger strongly corr.,knapPI_3_500_1000_8,branch & bound,32950.0,32950.0,published optimum,True,0.0,,True,True,0.0017307919915765524,500.0,1260796.0,,,,,
L0 knapsack,Pisinger strongly corr.,knapPI_3_500_1000_9,DP (numba),35479.0,35479.0,published optimum,True,0.0,,True,True,0.0067161250044591725,500.0,,,,,,
L0 knapsack,Pisinger strongly corr.,knapPI_3_500_1000_9,branch & bound,35479.0,35479.0,published optimum,True,0.0,,False,True,0.006578458996955305,500.0,5000001.0,,,,,
L0 knapsack,Pisinger strongly corr.,knapPI_3_500_1000_10,DP (numba),40468.0,40468.0,published optimum,True,0.0,,True,True,0.008047666982747614,500.0,,,,,,
L0 knapsack,Pisinger strongly corr.,knapPI_3_500_1000_10,branch & bound,40468.0,40468.0,published optimum,True,0.0,,False,True,0.006804417003877461,500.0,5000001.0,,,,,
L0 knapsack,Pisinger strongly corr.,knapPI_3_500_1000_11,DP (numba),43236.0,43236.0,published optimum,True,0.0,,True,True,0.008912666991818696,500.0,,,,,,
L0 knapsack,Pisinger strongly corr.,knapPI_3_500_1000_11,branch & bound,43236.0,43236.0,published optimum,True,0.0,,True,True,0.003326250007376075,500.0,2355524.0,,,,,
L0 knapsack,Pisinger strongly corr.,knapPI_3_500_1000_12,DP (numba),46963.0,46963.0,published optimum,True,0.0,,True,True,0.008876541047357023,500.0,,,,,,
L0 knapsack,Pisinger strongly corr.,knapPI_3_500_1000_12,branch & bound,46963.0,46963.0,published optimum,True,0.0,,False,True,0.006430084002204239,500.0,5000001.0,,,,,
L0 knapsack,Pisinger strongly corr.,knapPI_3_500_1000_13,DP (numba),49732.0,49732.0,published optimum,True,0.0,,True,True,0.009590999979991466,500.0,,,,,,
L0 knapsack,Pisinger strongly corr.,knapPI_3_500_1000_13,branch & bound,49732.0,49732.0,published optimum,True,0.0,,False,True,0.006252499995753169,500.0,5000001.0,,,,,
L0 knapsack,Pisinger strongly corr.,knapPI_3_500_1000_14,DP (numba),52988.0,52988.0,published optimum,True,0.0,,True,True,0.010229083010926843,500.0,,,,,,
L0 knapsack,Pisinger strongly corr.,knapPI_3_500_1000_14,branch & bound,52988.0,52988.0,published optimum,True,0.0,,False,True,0.006183791963849217,500.0,5000001.0,,,,,
L0 knapsack,Pisinger strongly corr.,knapPI_3_500_1000_15,DP (numba),57654.0,57654.0,published optimum,True,0.0,,True,True,0.010945332993287593,500.0,,,,,,
L0 knapsack,Pisinger strongly corr.,knapPI_3_500_1000_15,branch & bound,57654.0,57654.0,published optimum,True,0.0,,False,True,0.006573666993062943,500.0,5000001.0,,,,,
L0 knapsack,Pisinger strongly corr.,knapPI_3_500_1000_16,DP (numba),59909.0,59909.0,published optimum,True,0.0,,True,True,0.011291333008557558,500.0,,,,,,
L0 knapsack,Pisinger strongly corr.,knapPI_3_500_1000_16,branch & bound,59909.0,59909.0,published optimum,True,0.0,,False,True,0.006206249992828816,500.0,5000001.0,,,,,
L0 knapsack,Pisinger strongly corr.,knapPI_3_500_1000_17,DP (numba),62243.0,62243.0,published optimum,True,0.0,,True,True,0.011932333989534527,500.0,,,,,,
L0 knapsack,Pisinger strongly corr.,knapPI_3_500_1000_17,branch & bound,62243.0,62243.0,published optimum,True,0.0,,False,True,0.006194624991621822,500.0,5000001.0,,,,,
L0 knapsack,Pisinger strongly corr.,knapPI_3_500_1000_18,DP (numba),65541.0,65541.0,published optimum,True,0.0,,True,True,0.013706166995689273,500.0,,,,,,
L0 knapsack,Pisinger strongly corr.,knapPI_3_500_1000_18,branch & bound,65541.0,65541.0,published optimum,True,0.0,,False,True,0.006683708052150905,500.0,5000001.0,,,,,
L0 knapsack,Pisinger strongly corr.,knapPI_3_500_1000_19,DP (numba),67902.0,67902.0,published optimum,True,0.0,,True,True,0.014254166977480054,500.0,,,,,,
L0 knapsack,Pisinger strongly corr.,knapPI_3_500_1000_19,branch & bound,67902.0,67902.0,published optimum,True,0.0,,False,True,0.006242542003747076,500.0,5000001.0,,,,,
L0 knapsack,Pisinger strongly corr.,knapPI_3_500_1000_20,DP (numba),72527.0,72527.0,published optimum,True,0.0,,True,True,0.014498292002826929,500.0,,,,,,
L0 knapsack,Pisinger strongly corr.,knapPI_3_500_1000_20,branch & bound,72527.0,72527.0,published optimum,True,0.0,,False,True,0.006215250003151596,500.0,5000001.0,,,,,
L0 knapsack,Pisinger strongly corr.,knapPI_3_1000_1000_1,DP (numba),14390.0,14390.0,published optimum,True,0.0,,True,True,0.0022712910431437194,1000.0,,,,,,
L0 knapsack,Pisinger strongly corr.,knapPI_3_1000_1000_1,branch & bound,14390.0,14390.0,published optimum,True,0.0,,False,True,0.005876166978850961,1000.0,5000001.0,,,,,
L0 knapsack,Pisinger strongly corr.,knapPI_3_1000_1000_2,DP (numba),24196.0,24196.0,published optimum,True,0.0,,True,True,0.0047279170248657465,1000.0,,,,,,
L0 knapsack,Pisinger strongly corr.,knapPI_3_1000_1000_2,branch & bound,24196.0,24196.0,published optimum,True,0.0,,False,True,0.005922416981775314,1000.0,5000001.0,,,,,
L0 knapsack,Pisinger strongly corr.,knapPI_3_1000_1000_3,DP (numba),32480.0,32480.0,published optimum,True,0.0,,True,True,0.00721416698070243,1000.0,,,,,,
L0 knapsack,Pisinger strongly corr.,knapPI_3_1000_1000_3,branch & bound,32480.0,32480.0,published optimum,True,0.0,,False,True,0.005901457974687219,1000.0,5000001.0,,,,,
L0 knapsack,Pisinger strongly corr.,knapPI_3_1000_1000_4,DP (numba),39767.0,39767.0,published optimum,True,0.0,,True,True,0.009814249991904944,1000.0,,,,,,
L0 knapsack,Pisinger strongly corr.,knapPI_3_1000_1000_4,branch & bound,39767.0,39767.0,published optimum,True,0.0,,False,True,0.005856957985088229,1000.0,5000001.0,,,,,
L0 knapsack,Pisinger strongly corr.,knapPI_3_1000_1000_5,DP (numba),46333.0,46333.0,published optimum,True,0.0,,True,True,0.01298587501514703,1000.0,,,,,,
L0 knapsack,Pisinger strongly corr.,knapPI_3_1000_1000_5,branch & bound,46333.0,46333.0,published optimum,True,0.0,,False,True,0.0058405830059200525,1000.0,5000001.0,,,,,
L0 knapsack,Pisinger strongly corr.,knapPI_3_1000_1000_6,DP (numba),54120.0,54120.0,published optimum,True,0.0,,True,True,0.015759708010591567,1000.0,,,,,,
L0 knapsack,Pisinger strongly corr.,knapPI_3_1000_1000_6,branch & bound,54120.0,54120.0,published optimum,True,0.0,,False,True,0.0057909159804694355,1000.0,5000001.0,,,,,
L0 knapsack,Pisinger strongly corr.,knapPI_3_1000_1000_7,DP (numba),60454.0,60454.0,published optimum,True,0.0,,True,True,0.017834166006650776,1000.0,,,,,,
L0 knapsack,Pisinger strongly corr.,knapPI_3_1000_1000_7,branch & bound,60454.0,60454.0,published optimum,True,0.0,,False,True,0.005889958003535867,1000.0,5000001.0,,,,,
L0 knapsack,Pisinger strongly corr.,knapPI_3_1000_1000_8,DP (numba),66943.0,66943.0,published optimum,True,0.0,,True,True,0.020400375011377037,1000.0,,,,,,
L0 knapsack,Pisinger strongly corr.,knapPI_3_1000_1000_8,branch & bound,66943.0,66943.0,published optimum,True,0.0,,False,True,0.005846708954777569,1000.0,5000001.0,,,,,
L0 knapsack,Pisinger strongly corr.,knapPI_3_1000_1000_9,DP (numba),72203.0,72203.0,published optimum,True,0.0,,True,True,0.021285582974087447,1000.0,,,,,,
L0 knapsack,Pisinger strongly corr.,knapPI_3_1000_1000_9,branch & bound,72203.0,72203.0,published optimum,True,0.0,,False,True,0.005947083991486579,1000.0,5000001.0,,,,,
L0 knapsack,Pisinger strongly corr.,knapPI_3_1000_1000_10,DP (numba),81245.0,81245.0,published optimum,True,0.0,,True,True,0.024004750011954457,1000.0,,,,,,
L0 knapsack,Pisinger strongly corr.,knapPI_3_1000_1000_10,branch & bound,81245.0,81245.0,published optimum,True,0.0,,False,True,0.0059404170024208724,1000.0,5000001.0,,,,,
L0 knapsack,Pisinger strongly corr.,knapPI_3_1000_1000_11,DP (numba),86320.0,86320.0,published optimum,True,0.0,,True,True,0.02547575003700331,1000.0,,,,,,
L0 knapsack,Pisinger strongly corr.,knapPI_3_1000_1000_11,branch & bound,86320.0,86320.0,published optimum,True,0.0,,False,True,0.005920374998822808,1000.0,5000001.0,,,,,
L0 knapsack,Pisinger strongly corr.,knapPI_3_1000_1000_12,DP (numba),93643.0,93643.0,published optimum,True,0.0,,True,True,0.02787345804972574,1000.0,,,,,,
L0 knapsack,Pisinger strongly corr.,knapPI_3_1000_1000_12,branch & bound,93643.0,93643.0,published optimum,True,0.0,,False,True,0.006015874969307333,1000.0,5000001.0,,,,,
L0 knapsack,Pisinger strongly corr.,knapPI_3_1000_1000_13,DP (numba),101299.0,101299.0,published optimum,True,0.0,,True,True,0.03062079200753942,1000.0,,,,,,
L0 knapsack,Pisinger strongly corr.,knapPI_3_1000_1000_13,branch & bound,101299.0,101299.0,published optimum,True,0.0,,False,True,0.005850457993801683,1000.0,5000001.0,,,,,
L0 knapsack,Pisinger strongly corr.,knapPI_3_1000_1000_14,DP (numba),106545.0,106545.0,published optimum,True,0.0,,True,True,0.03307729202788323,1000.0,,,,,,
L0 knapsack,Pisinger strongly corr.,knapPI_3_1000_1000_14,branch & bound,106545.0,106545.0,published optimum,True,0.0,,False,True,0.006139082950539887,1000.0,5000001.0,,,,,
L0 knapsack,Pisinger strongly corr.,knapPI_3_1000_1000_15,DP (numba),113735.0,113735.0,published optimum,True,0.0,,True,True,0.03600070899119601,1000.0,,,,,,
L0 knapsack,Pisinger strongly corr.,knapPI_3_1000_1000_15,branch & bound,113735.0,113735.0,published optimum,True,0.0,,False,True,0.0067415410303510725,1000.0,5000001.0,,,,,
L0 knapsack,Pisinger strongly corr.,knapPI_3_1000_1000_16,DP (numba),116838.0,116838.0,published optimum,True,0.0,,True,True,0.059522208000998944,1000.0,,,,,,
L0 knapsack,Pisinger strongly corr.,knapPI_3_1000_1000_16,branch & bound,116838.0,116838.0,published optimum,True,0.0,,False,True,0.006175332993734628,1000.0,5000001.0,,,,,
L0 knapsack,Pisinger strongly corr.,knapPI_3_1000_1000_17,DP (numba),124821.0,124821.0,published optimum,True,0.0,,True,True,0.044857291970402,1000.0,,,,,,
L0 knapsack,Pisinger strongly corr.,knapPI_3_1000_1000_17,branch & bound,124821.0,124821.0,published optimum,True,0.0,,False,True,0.006545666023157537,1000.0,5000001.0,,,,,
L0 knapsack,Pisinger strongly corr.,knapPI_3_1000_1000_18,DP (numba),130822.0,130822.0,published optimum,True,0.0,,True,True,0.046180374978575855,1000.0,,,,,,
L0 knapsack,Pisinger strongly corr.,knapPI_3_1000_1000_18,branch & bound,130822.0,130822.0,published optimum,True,0.0,,False,True,0.006393083021976054,1000.0,5000001.0,,,,,
L0 knapsack,Pisinger strongly corr.,knapPI_3_1000_1000_19,DP (numba),135255.0,135255.0,published optimum,True,0.0,,True,True,0.050358875014353544,1000.0,,,,,,
L0 knapsack,Pisinger strongly corr.,knapPI_3_1000_1000_19,branch & bound,135255.0,135255.0,published optimum,True,0.0,,False,True,0.015569416980724782,1000.0,5000001.0,,,,,
L0 knapsack,Pisinger strongly corr.,knapPI_3_1000_1000_20,DP (numba),145940.0,145940.0,published optimum,True,0.0,,True,True,0.06797645799815655,1000.0,,,,,,
L0 knapsack,Pisinger strongly corr.,knapPI_3_1000_1000_20,branch & bound,145940.0,145940.0,published optimum,True,0.0,,False,True,0.006066000030841678,1000.0,5000001.0,,,,,
L0 knapsack,Pisinger strongly corr.,knapPI_3_2000_1000_1,DP (numba),28919.0,28919.0,published optimum,True,0.0,,True,True,0.008696959004737437,2000.0,,,,,,
L0 knapsack,Pisinger strongly corr.,knapPI_3_2000_1000_1,branch & bound,28919.0,28919.0,published optimum,True,0.0,,False,True,0.006353083997964859,2000.0,5000001.0,,,,,
L0 knapsack,Pisinger strongly corr.,knapPI_3_2000_1000_2,DP (numba),47501.0,47501.0,published optimum,True,0.0,,True,True,0.017960958008188754,2000.0,,,,,,
L0 knapsack,Pisinger strongly corr.,knapPI_3_2000_1000_2,branch & bound,47501.0,47501.0,published optimum,True,0.0,,False,True,0.0058836659882217646,2000.0,5000001.0,,,,,
L0 knapsack,Pisinger strongly corr.,knapPI_3_2000_1000_3,DP (numba),64314.0,64314.0,published optimum,True,0.0,,True,True,0.026916458969935775,2000.0,,,,,,
L0 knapsack,Pisinger strongly corr.,knapPI_3_2000_1000_3,branch & bound,64314.0,64314.0,published optimum,True,0.0,,False,True,0.0065752919763326645,2000.0,5000001.0,,,,,
L0 knapsack,Pisinger strongly corr.,knapPI_3_2000_1000_4,DP (numba),80315.0,80315.0,published optimum,True,0.0,,True,True,0.03554979199543595,2000.0,,,,,,
L0 knapsack,Pisinger strongly corr.,knapPI_3_2000_1000_4,branch & bound,80315.0,80315.0,published optimum,True,0.0,,False,True,0.005961291957646608,2000.0,5000001.0,,,,,
L0 knapsack,Pisinger strongly corr.,knapPI_3_2000_1000_5,DP (numba),93189.0,93189.0,published optimum,True,0.0,,True,True,0.047302332997787744,2000.0,,,,,,
L0 knapsack,Pisinger strongly corr.,knapPI_3_2000_1000_5,branch & bound,93189.0,93189.0,published optimum,True,0.0,,False,True,0.005942583957221359,2000.0,5000001.0,,,,,
L0 knapsack,Pisinger strongly corr.,knapPI_3_2000_1000_6,DP (numba),107710.0,107710.0,published optimum,True,0.0,,True,True,0.05886699998518452,2000.0,,,,,,
L0 knapsack,Pisinger strongly corr.,knapPI_3_2000_1000_6,branch & bound,107710.0,107710.0,published optimum,True,0.0,,False,True,0.006014666985720396,2000.0,5000001.0,,,,,
L0 knapsack,Pisinger strongly corr.,knapPI_3_2000_1000_7,DP (numba),120968.0,120968.0,published optimum,True,0.0,,True,True,0.0704179999884218,2000.0,,,,,,
L0 knapsack,Pisinger strongly corr.,knapPI_3_2000_1000_7,branch & bound,120968.0,120968.0,published optimum,True,0.0,,False,True,0.006538916029967368,2000.0,5000001.0,,,,,
L0 knapsack,Pisinger strongly corr.,knapPI_3_2000_1000_8,DP (numba),134826.0,134826.0,published optimum,True,0.0,,True,True,0.08225466700969264,2000.0,,,,,,
L0 knapsack,Pisinger strongly corr.,knapPI_3_2000_1000_8,branch & bound,134826.0,134826.0,published optimum,True,0.0,,False,True,0.006269000004976988,2000.0,5000001.0,,,,,
L0 knapsack,Pisinger strongly corr.,knapPI_3_2000_1000_9,DP (numba),146844.0,146844.0,published optimum,True,0.0,,True,True,0.09245549998013303,2000.0,,,,,,
L0 knapsack,Pisinger strongly corr.,knapPI_3_2000_1000_9,branch & bound,146844.0,146844.0,published optimum,True,0.0,,False,True,0.006550792022608221,2000.0,5000001.0,,,,,
L0 knapsack,Pisinger strongly corr.,knapPI_3_2000_1000_10,DP (numba),162008.0,162008.0,published optimum,True,0.0,,True,True,0.09722204098943621,2000.0,,,,,,
L0 knapsack,Pisinger strongly corr.,knapPI_3_2000_1000_10,branch & bound,162008.0,162008.0,published optimum,True,0.0,,False,True,0.006170250009745359,2000.0,5000001.0,,,,,
L0 knapsack,Pisinger strongly corr.,knapPI_3_2000_1000_11,DP (numba),174318.0,174318.0,published optimum,True,0.0,,True,True,0.1148390409653075,2000.0,,,,,,
L0 knapsack,Pisinger strongly corr.,knapPI_3_2000_1000_11,branch & bound,174318.0,174318.0,published optimum,True,0.0,,False,True,0.006004708993714303,2000.0,5000001.0,,,,,
L0 knapsack,Pisinger strongly corr.,knapPI_3_2000_1000_12,DP (numba),188927.0,188927.0,published optimum,True,0.0,,True,True,0.12217637500725687,2000.0,,,,,,
L0 knapsack,Pisinger strongly corr.,knapPI_3_2000_1000_12,branch & bound,188927.0,188927.0,published optimum,True,0.0,,False,True,0.007298625016119331,2000.0,5000001.0,,,,,
L0 knapsack,Pisinger strongly corr.,knapPI_3_2000_1000_13,DP (numba),201832.0,201832.0,published optimum,True,0.0,,True,True,0.1299332909984514,2000.0,,,,,,
L0 knapsack,Pisinger strongly corr.,knapPI_3_2000_1000_13,branch & bound,201832.0,201832.0,published optimum,True,0.0,,False,True,0.006147417007014155,2000.0,5000001.0,,,,,
L0 knapsack,Pisinger strongly corr.,knapPI_3_2000_1000_14,DP (numba),212165.0,212165.0,published optimum,True,0.0,,True,True,0.14957983401836827,2000.0,,,,,,
L0 knapsack,Pisinger strongly corr.,knapPI_3_2000_1000_14,branch & bound,212165.0,212165.0,published optimum,True,0.0,,False,True,0.0063403339590877295,2000.0,5000001.0,,,,,
L0 knapsack,Pisinger strongly corr.,knapPI_3_2000_1000_15,DP (numba),226094.0,226094.0,published optimum,True,0.0,,True,True,0.17391570803010836,2000.0,,,,,,
L0 knapsack,Pisinger strongly corr.,knapPI_3_2000_1000_15,branch & bound,226094.0,226094.0,published optimum,True,0.0,,False,True,0.0064102080068551,2000.0,5000001.0,,,,,
L0 knapsack,Pisinger strongly corr.,knapPI_3_2000_1000_16,DP (numba),237721.0,237721.0,published optimum,True,0.0,,True,True,0.18272199999773875,2000.0,,,,,,
L0 knapsack,Pisinger strongly corr.,knapPI_3_2000_1000_16,branch & bound,237721.0,237721.0,published optimum,True,0.0,,False,True,0.007050582964438945,2000.0,5000001.0,,,,,
L0 knapsack,Pisinger strongly corr.,knapPI_3_2000_1000_17,DP (numba),249315.0,249315.0,published optimum,True,0.0,,True,True,0.19626399996923283,2000.0,,,,,,
L0 knapsack,Pisinger strongly corr.,knapPI_3_2000_1000_17,branch & bound,249315.0,249315.0,published optimum,True,0.0,,False,True,0.00670087500475347,2000.0,5000001.0,,,,,
L0 knapsack,Pisinger strongly corr.,knapPI_3_2000_1000_18,DP (numba),260992.0,260992.0,published optimum,True,0.0,,True,True,0.2145604160032235,2000.0,,,,,,
L0 knapsack,Pisinger strongly corr.,knapPI_3_2000_1000_18,branch & bound,260992.0,260992.0,published optimum,True,0.0,,False,True,0.0065703330328688025,2000.0,5000001.0,,,,,
L0 knapsack,Pisinger strongly corr.,knapPI_3_2000_1000_19,DP (numba),272898.0,272898.0,published optimum,True,0.0,,True,True,0.23983312502969056,2000.0,,,,,,
L0 knapsack,Pisinger strongly corr.,knapPI_3_2000_1000_19,branch & bound,272898.0,272898.0,published optimum,True,0.0,,False,True,0.006257208995521069,2000.0,5000001.0,,,,,
L0 knapsack,Pisinger strongly corr.,knapPI_3_2000_1000_20,DP (numba),288014.0,288014.0,published optimum,True,0.0,,True,True,0.24733991600805894,2000.0,,,,,,
L0 knapsack,Pisinger strongly corr.,knapPI_3_2000_1000_20,branch & bound,288014.0,288014.0,published optimum,True,0.0,,False,True,0.006082415988203138,2000.0,5000001.0,,,,,
L0 knapsack,Pisinger inv. strongly corr.,knapPI_4_50_1000_1,DP (numba),994.0,994.0,published optimum,True,0.0,,True,True,1.7125043086707592e-05,50.0,,,,,,
L0 knapsack,Pisinger inv. strongly corr.,knapPI_4_50_1000_1,branch & bound,994.0,994.0,published optimum,True,0.0,,True,True,1.4416989870369434e-05,50.0,52.0,,,,,
L0 knapsack,Pisinger inv. strongly corr.,knapPI_4_50_1000_2,DP (numba),997.0,997.0,published optimum,True,0.0,,True,True,1.2083968613296747e-05,50.0,,,,,,
L0 knapsack,Pisinger inv. strongly corr.,knapPI_4_50_1000_2,branch & bound,997.0,997.0,published optimum,True,0.0,,True,True,8.500006515532732e-06,50.0,52.0,,,,,
L0 knapsack,Pisinger inv. strongly corr.,knapPI_4_50_1000_3,DP (numba),998.0,998.0,published optimum,True,0.0,,True,True,1.3458018656820059e-05,50.0,,,,,,
L0 knapsack,Pisinger inv. strongly corr.,knapPI_4_50_1000_3,branch & bound,998.0,998.0,published optimum,True,0.0,,True,True,6.999995093792677e-06,50.0,52.0,,,,,
L0 knapsack,Pisinger inv. strongly corr.,knapPI_4_50_1000_4,DP (numba),999.0,999.0,published optimum,True,0.0,,True,True,1.537497155368328e-05,50.0,,,,,,
L0 knapsack,Pisinger inv. strongly corr.,knapPI_4_50_1000_4,branch & bound,999.0,999.0,published optimum,True,0.0,,True,True,6.4159976318478584e-06,50.0,52.0,,,,,
L0 knapsack,Pisinger inv. strongly corr.,knapPI_4_50_1000_5,DP (numba),1278.0,1278.0,published optimum,True,0.0,,True,True,2.5540997739881277e-05,50.0,,,,,,
L0 knapsack,Pisinger inv. strongly corr.,knapPI_4_50_1000_5,branch & bound,1278.0,1278.0,published optimum,True,0.0,,True,True,7.70896440371871e-06,50.0,495.0,,,,,
L0 knapsack,Pisinger inv. strongly corr.,knapPI_4_50_1000_6,DP (numba),1477.0,1477.0,published optimum,True,0.0,,True,True,3.2540992833673954e-05,50.0,,,,,,
L0 knapsack,Pisinger inv. strongly corr.,knapPI_4_50_1000_6,branch & bound,1477.0,1477.0,published optimum,True,0.0,,True,True,8.084054570645094e-06,50.0,695.0,,,,,
L0 knapsack,Pisinger inv. strongly corr.,knapPI_4_50_1000_7,DP (numba),1955.0,1955.0,published optimum,True,0.0,,True,True,4.5082997530698776e-05,50.0,,,,,,
L0 knapsack,Pisinger inv. strongly corr.,knapPI_4_50_1000_7,branch & bound,1955.0,1955.0,published optimum,True,0.0,,True,True,6.66698906570673e-06,50.0,147.0,,,,,
L0 knapsack,Pisinger inv. strongly corr.,knapPI_4_50_1000_8,DP (numba),2037.0,2037.0,published optimum,True,0.0,,True,True,5.054200300946832e-05,50.0,,,,,,
L0 knapsack,Pisinger inv. strongly corr.,knapPI_4_50_1000_8,branch & bound,2037.0,2037.0,published optimum,True,0.0,,True,True,1.1750031262636185e-05,50.0,3047.0,,,,,
L0 knapsack,Pisinger inv. strongly corr.,knapPI_4_50_1000_9,DP (numba),2403.0,2403.0,published optimum,True,0.0,,True,True,6.454100366681814e-05,50.0,,,,,,
L0 knapsack,Pisinger inv. strongly corr.,knapPI_4_50_1000_9,branch & bound,2403.0,2403.0,published optimum,True,0.0,,True,True,7.374968845397234e-06,50.0,563.0,,,,,
L0 knapsack,Pisinger inv. strongly corr.,knapPI_4_50_1000_10,DP (numba),2930.0,2930.0,published optimum,True,0.0,,True,True,8.412502938881516e-05,50.0,,,,,,
L0 knapsack,Pisinger inv. strongly corr.,knapPI_4_50_1000_10,branch & bound,2930.0,2930.0,published optimum,True,0.0,,True,True,5.541701102629304e-05,50.0,33948.0,,,,,
L0 knapsack,Pisinger inv. strongly corr.,knapPI_4_50_1000_11,DP (numba),2474.0,2474.0,published optimum,True,0.0,,True,True,6.437499541789293e-05,50.0,,,,,,
L0 knapsack,Pisinger inv. strongly corr.,knapPI_4_50_1000_11,branch & bound,2474.0,2474.0,published optimum,True,0.0,,True,True,7.1249669417738914e-06,50.0,433.0,,,,,
L0 knapsack,Pisinger inv. strongly corr.,knapPI_4_50_1000_12,DP (numba),3703.0,3703.0,published optimum,True,0.0,,True,True,0.00012049998622387648,50.0,,,,,,
L0 knapsack,Pisinger inv. strongly corr.,knapPI_4_50_1000_12,branch & bound,3703.0,3703.0,published optimum,True,0.0,,True,True,7.541966624557972e-06,50.0,590.0,,,,,
L0 knapsack,Pisinger inv. strongly corr.,knapPI_4_50_1000_13,DP (numba),3442.0,3442.0,published optimum,True,0.0,,True,True,0.00010066595859825611,50.0,,,,,,
L0 knapsack,Pisinger inv. strongly corr.,knapPI_4_50_1000_13,branch & bound,3442.0,3442.0,published optimum,True,0.0,,True,True,8.041970431804657e-06,50.0,847.0,,,,,
L0 knapsack,Pisinger inv. strongly corr.,knapPI_4_50_1000_14,DP (numba),4036.0,4036.0,published optimum,True,0.0,,True,True,0.0001272499794140458,50.0,,,,,,
L0 knapsack,Pisinger inv. strongly corr.,knapPI_4_50_1000_14,branch & bound,4036.0,4036.0,published optimum,True,0.0,,True,True,7.333402754738927e-05,50.0,42554.0,,,,,
L0 knapsack,Pisinger inv. strongly corr.,knapPI_4_50_1000_15,DP (numba),4720.0,4720.0,published optimum,True,0.0,,True,True,0.00014329096302390099,50.0,,,,,,
L0 knapsack,Pisinger inv. strongly corr.,knapPI_4_50_1000_15,branch & bound,4720.0,4720.0,published optimum,True,0.0,,True,True,9.125040378421545e-06,50.0,1334.0,,,,,
L0 knapsack,Pisinger inv. strongly corr.,knapPI_4_50_1000_16,DP (numba),4500.0,4500.0,published optimum,True,0.0,,True,True,0.00015404197620227933,50.0,,,,,,
L0 knapsack,Pisinger inv. strongly corr.,knapPI_4_50_1000_16,branch & bound,4500.0,4500.0,published optimum,True,0.0,,True,True,9.458977729082108e-06,50.0,1383.0,,,,,
L0 knapsack,Pisinger inv. strongly corr.,knapPI_4_50_1000_17,DP (numba),4651.0,4651.0,published optimum,True,0.0,,True,True,0.00013916700845584273,50.0,,,,,,
L0 knapsack,Pisinger inv. strongly corr.,knapPI_4_50_1000_17,branch & bound,4651.0,4651.0,published optimum,True,0.0,,True,True,0.0001005409867502749,50.0,48889.0,,,,,
L0 knapsack,Pisinger inv. strongly corr.,knapPI_4_50_1000_18,DP (numba),4504.0,4504.0,published optimum,True,0.0,,True,True,0.0001490419963374734,50.0,,,,,,
L0 knapsack,Pisinger inv. strongly corr.,knapPI_4_50_1000_18,branch & bound,4504.0,4504.0,published optimum,True,0.0,,True,True,2.6374997105449438e-05,50.0,2158.0,,,,,
L0 knapsack,Pisinger inv. strongly corr.,knapPI_4_50_1000_19,DP (numba),5056.0,5056.0,published optimum,True,0.0,,True,True,0.00017695804126560688,50.0,,,,,,
L0 knapsack,Pisinger inv. strongly corr.,knapPI_4_50_1000_19,branch & bound,5056.0,5056.0,published optimum,True,0.0,,True,True,2.6124995201826096e-05,50.0,7370.0,,,,,
L0 knapsack,Pisinger inv. strongly corr.,knapPI_4_50_1000_20,DP (numba),5835.0,5835.0,published optimum,True,0.0,,True,True,0.0001902910298667848,50.0,,,,,,
L0 knapsack,Pisinger inv. strongly corr.,knapPI_4_50_1000_20,branch & bound,5835.0,5835.0,published optimum,True,0.0,,True,True,0.0003452910459600389,50.0,207215.0,,,,,
L0 knapsack,Pisinger inv. strongly corr.,knapPI_4_100_1000_1,DP (numba),997.0,997.0,published optimum,True,0.0,,True,True,2.6082969270646572e-05,100.0,,,,,,
L0 knapsack,Pisinger inv. strongly corr.,knapPI_4_100_1000_1,branch & bound,997.0,997.0,published optimum,True,0.0,,True,True,1.5249999705702066e-05,100.0,102.0,,,,,
L0 knapsack,Pisinger inv. strongly corr.,knapPI_4_100_1000_2,DP (numba),1041.0,1041.0,published optimum,True,0.0,,True,True,3.054196713492274e-05,100.0,,,,,,
L0 knapsack,Pisinger inv. strongly corr.,knapPI_4_100_1000_2,branch & bound,1041.0,1041.0,published optimum,True,0.0,,True,True,1.3832992408424616e-05,100.0,2696.0,,,,,
L0 knapsack,Pisinger inv. strongly corr.,knapPI_4_100_1000_3,DP (numba),1619.0,1619.0,published optimum,True,0.0,,True,True,6.449996726587415e-05,100.0,,,,,,
L0 knapsack,Pisinger inv. strongly corr.,knapPI_4_100_1000_3,branch & bound,1619.0,1619.0,published optimum,True,0.0,,True,True,1.1958007235080004e-05,100.0,1970.0,,,,,
L0 knapsack,Pisinger inv. strongly corr.,knapPI_4_100_1000_4,DP (numba),1977.0,1977.0,published optimum,True,0.0,,True,True,8.808396523818374e-05,100.0,,,,,,
L0 knapsack,Pisinger inv. strongly corr.,knapPI_4_100_1000_4,branch & bound,1977.0,1977.0,published optimum,True,0.0,,True,True,3.704201662912965e-05,100.0,18437.0,,,,,
L0 knapsack,Pisinger inv. strongly corr.,knapPI_4_100_1000_5,DP (numba),2594.0,2594.0,published optimum,True,0.0,,True,True,0.00012216705363243818,100.0,,,,,,
L0 knapsack,Pisinger inv. strongly corr.,knapPI_4_100_1000_5,branch & bound,2594.0,2594.0,published optimum,True,0.0,,True,True,1.3749988283962011e-05,100.0,3285.0,,,,,
L0 knapsack,Pisinger inv. strongly corr.,knapPI_4_100_1000_6,DP (numba),3091.0,3091.0,published optimum,True,0.0,,True,True,0.00015700003132224083,100.0,,,,,,
L0 knapsack,Pisinger inv. strongly corr.,knapPI_4_100_1000_6,branch & bound,3091.0,3091.0,published optimum,True,0.0,,True,True,0.0001269589993171394,100.0,85769.0,,,,,
L0 knapsack,Pisinger inv. strongly corr.,knapPI_4_100_1000_7,DP (numba),3886.0,3886.0,published optimum,True,0.0,,True,True,0.00020662497263401747,100.0,,,,,,
L0 knapsack,Pisinger inv. strongly corr.,knapPI_4_100_1000_7,branch & bound,3886.0,3886.0,published optimum,True,0.0,,True,True,1.0709045454859734e-05,100.0,1710.0,,,,,
L0 knapsack,Pisinger inv. strongly corr.,knapPI_4_100_1000_8,DP (numba),4176.0,4176.0,published optimum,True,0.0,,True,True,0.0002203750191256404,100.0,,,,,,
L0 knapsack,Pisinger inv. strongly corr.,knapPI_4_100_1000_8,branch & bound,4176.0,4176.0,published optimum,True,0.0,,True,True,0.0003562079509720206,100.0,246650.0,,,,,
L0 knapsack,Pisinger inv. strongly corr.,knapPI_4_100_1000_9,DP (numba),4579.0,4579.0,published optimum,True,0.0,,True,True,0.00026004196843132377,100.0,,,,,,
L0 knapsack,Pisinger inv. strongly corr.,knapPI_4_100_1000_9,branch & bound,4579.0,4579.0,published optimum,True,0.0,,True,True,1.4999997802078724e-05,100.0,3648.0,,,,,
L0 knapsack,Pisinger inv. strongly corr.,knapPI_4_100_1000_10,DP (numba),5656.0,5656.0,published optimum,True,0.0,,True,True,0.0003042920143343508,100.0,,,,,,
L0 knapsack,Pisinger inv. strongly corr.,knapPI_4_100_1000_10,branch & bound,5656.0,5656.0,published optimum,True,0.0,,True,True,9.000010322779417e-06,100.0,768.0,,,,,
L0 knapsack,Pisinger inv. strongly corr.,knapPI_4_100_1000_11,DP (numba),5445.0,5445.0,published optimum,True,0.0,,True,True,0.0003125829971395433,100.0,,,,,,
L0 knapsack,Pisinger inv. strongly corr.,knapPI_4_100_1000_11,branch & bound,5445.0,5445.0,published optimum,True,0.0,,True,True,2.320896601304412e-05,100.0,7801.0,,,,,
L0 knapsack,Pisinger inv. strongly corr.,knapPI_4_100_1000_12,DP (numba),7060.0,7060.0,published optimum,True,0.0,,True,True,0.00041329197119921446,100.0,,,,,,
L0 knapsack,Pisinger inv. strongly corr.,knapPI_4_100_1000_12,branch & bound,7060.0,7060.0,published optimum,True,0.0,,False,True,0.006904958980157971,100.0,5000001.0,,,,,
L0 knapsack,Pisinger inv. strongly corr.,knapPI_4_100_1000_13,DP (numba),7220.0,7220.0,published optimum,True,0.0,,True,True,0.0004152499604970217,100.0,,,,,,
L0 knapsack,Pisinger inv. strongly corr.,knapPI_4_100_1000_13,branch & bound,7220.0,7220.0,published optimum,True,0.0,,True,True,0.0005683749914169312,100.0,371164.0,,,,,
L0 knapsack,Pisinger inv. strongly corr.,knapPI_4_100_1000_14,DP (numba),7884.0,7884.0,published optimum,True,0.0,,True,True,0.0004480830393731594,100.0,,,,,,
L0 knapsack,Pisinger inv. strongly corr.,knapPI_4_100_1000_14,branch & bound,7884.0,7884.0,published optimum,True,0.0,,False,True,0.006700249970890582,100.0,5000001.0,,,,,
L0 knapsack,Pisinger inv. strongly corr.,knapPI_4_100_1000_15,DP (numba),9262.0,9262.0,published optimum,True,0.0,,True,True,0.0005297919851727784,100.0,,,,,,
L0 knapsack,Pisinger inv. strongly corr.,knapPI_4_100_1000_15,branch & bound,9262.0,9262.0,published optimum,True,0.0,,False,True,0.007033958041574806,100.0,5000001.0,,,,,
L0 knapsack,Pisinger inv. strongly corr.,knapPI_4_100_1000_16,DP (numba),9026.0,9026.0,published optimum,True,0.0,,True,True,0.0005336669855751097,100.0,,,,,,
L0 knapsack,Pisinger inv. strongly corr.,knapPI_4_100_1000_16,branch & bound,9026.0,9026.0,published optimum,True,0.0,,True,True,0.0013750839862041175,100.0,905654.0,,,,,
L0 knapsack,Pisinger inv. strongly corr.,knapPI_4_100_1000_17,DP (numba),9360.0,9360.0,published optimum,True,0.0,,True,True,0.0005316670285537839,100.0,,,,,,
L0 knapsack,Pisinger inv. strongly corr.,knapPI_4_100_1000_17,branch & bound,9360.0,9360.0,published optimum,True,0.0,,True,True,1.3209006283432245e-05,100.0,1329.0,,,,,
L0 knapsack,Pisinger inv. strongly corr.,knapPI_4_100_1000_18,DP (numba),9672.0,9672.0,published optimum,True,0.0,,True,True,0.0005710410187020898,100.0,,,,,,
L0 knapsack,Pisinger inv. strongly corr.,knapPI_4_100_1000_18,branch & bound,9672.0,9672.0,published optimum,True,0.0,,True,True,0.002429375017527491,100.0,1618288.0,,,,,
L0 knapsack,Pisinger inv. strongly corr.,knapPI_4_100_1000_19,DP (numba),9766.0,9766.0,published optimum,True,0.0,,True,True,0.0006210000137798488,100.0,,,,,,
L0 knapsack,Pisinger inv. strongly corr.,knapPI_4_100_1000_19,branch & bound,9766.0,9766.0,published optimum,True,0.0,,True,True,0.002956375014036894,100.0,2019165.0,,,,,
L0 knapsack,Pisinger inv. strongly corr.,knapPI_4_100_1000_20,DP (numba),11448.0,11448.0,published optimum,True,0.0,,True,True,0.0006397920078597963,100.0,,,,,,
L0 knapsack,Pisinger inv. strongly corr.,knapPI_4_100_1000_20,branch & bound,11448.0,11448.0,published optimum,True,0.0,,False,True,0.007327250030357391,100.0,5000001.0,,,,,
L0 knapsack,Pisinger inv. strongly corr.,knapPI_4_200_1000_1,DP (numba),997.0,997.0,published optimum,True,0.0,,True,True,5.7375000324100256e-05,200.0,,,,,,
L0 knapsack,Pisinger inv. strongly corr.,knapPI_4_200_1000_1,branch & bound,997.0,997.0,published optimum,True,0.0,,True,True,3.0374969355762005e-05,200.0,10006.0,,,,,
L0 knapsack,Pisinger inv. strongly corr.,knapPI_4_200_1000_2,DP (numba),2073.0,2073.0,published optimum,True,0.0,,True,True,0.00016729097114875913,200.0,,,,,,
L0 knapsack,Pisinger inv. strongly corr.,knapPI_4_200_1000_2,branch & bound,2073.0,2073.0,published optimum,True,0.0,,True,True,0.00023437500931322575,200.0,164548.0,,,,,
L0 knapsack,Pisinger inv. strongly corr.,knapPI_4_200_1000_3,DP (numba),3152.0,3152.0,published optimum,True,0.0,,True,True,0.0003468749928288162,200.0,,,,,,
L0 knapsack,Pisinger inv. strongly corr.,knapPI_4_200_1000_3,branch & bound,3152.0,3152.0,published optimum,True,0.0,,True,True,0.0018239999772049487,200.0,1387741.0,,,,,
L0 knapsack,Pisinger inv. strongly corr.,knapPI_4_200_1000_4,DP (numba),4360.0,4360.0,published optimum,True,0.0,,True,True,0.00042808300349861383,200.0,,,,,,
L0 knapsack,Pisinger inv. strongly corr.,knapPI_4_200_1000_4,branch & bound,4360.0,4360.0,published optimum,True,0.0,,True,True,0.004255459003616124,200.0,3182771.0,,,,,
L0 knapsack,Pisinger inv. strongly corr.,knapPI_4_200_1000_5,DP (numba),5372.0,5372.0,published optimum,True,0.0,,True,True,0.0005805840482935309,200.0,,,,,,
L0 knapsack,Pisinger inv. strongly corr.,knapPI_4_200_1000_5,branch & bound,5372.0,5372.0,published optimum,True,0.0,,False,True,0.006741124961990863,200.0,5000001.0,,,,,
L0 knapsack,Pisinger inv. strongly corr.,knapPI_4_200_1000_6,DP (numba),6171.0,6171.0,published optimum,True,0.0,,True,True,0.0006076660356484354,200.0,,,,,,
L0 knapsack,Pisinger inv. strongly corr.,knapPI_4_200_1000_6,branch & bound,6171.0,6171.0,published optimum,True,0.0,,False,True,0.006758374976925552,200.0,5000001.0,,,,,
L0 knapsack,Pisinger inv. strongly corr.,knapPI_4_200_1000_7,DP (numba),7573.0,7573.0,published optimum,True,0.0,,True,True,0.000769208010751754,200.0,,,,,,
L0 knapsack,Pisinger inv. strongly corr.,knapPI_4_200_1000_7,branch & bound,7573.0,7573.0,published optimum,True,0.0,,True,True,0.00011770898709073663,200.0,57506.0,,,,,
L0 knapsack,Pisinger inv. strongly corr.,knapPI_4_200_1000_8,DP (numba),8718.0,8718.0,published optimum,True,0.0,,True,True,0.0008622080204077065,200.0,,,,,,
L0 knapsack,Pisinger inv. strongly corr.,knapPI_4_200_1000_8,branch & bound,8718.0,8718.0,published optimum,True,0.0,,True,True,1.6832957044243813e-05,200.0,793.0,,,,,
L0 knapsack,Pisinger inv. strongly corr.,knapPI_4_200_1000_9,DP (numba),8727.0,8727.0,published optimum,True,0.0,,True,True,0.0008945410372689366,200.0,,,,,,
L0 knapsack,Pisinger inv. strongly corr.,knapPI_4_200_1000_9,branch & bound,8727.0,8727.0,published optimum,True,0.0,,False,True,0.006698124983813614,200.0,5000001.0,,,,,
L0 knapsack,Pisinger inv. strongly corr.,knapPI_4_200_1000_10,DP (numba),11288.0,11288.0,published optimum,True,0.0,,True,True,0.0012864999589510262,200.0,,,,,,
L0 knapsack,Pisinger inv. strongly corr.,knapPI_4_200_1000_10,branch & bound,11288.0,11288.0,published optimum,True,0.0,,False,True,0.006846250034868717,200.0,5000001.0,,,,,
L0 knapsack,Pisinger inv. strongly corr.,knapPI_4_200_1000_11,DP (numba),11560.0,11560.0,published optimum,True,0.0,,True,True,0.0013403750490397215,200.0,,,,,,
L0 knapsack,Pisinger inv. strongly corr.,knapPI_4_200_1000_11,branch & bound,11560.0,11560.0,published optimum,True,0.0,,True,True,2.662499900907278e-05,200.0,3651.0,,,,,
L0 knapsack,Pisinger inv. strongly corr.,knapPI_4_200_1000_12,DP (numba),13508.0,13508.0,published optimum,True,0.0,,True,True,0.0015088330255821347,200.0,,,,,,
L0 knapsack,Pisinger inv. strongly corr.,knapPI_4_200_1000_12,branch & bound,13508.0,13508.0,published optimum,True,0.0,,True,True,4.158396041020751e-05,200.0,13407.0,,,,,
L0 knapsack,Pisinger inv. strongly corr.,knapPI_4_200_1000_13,DP (numba),13754.0,13754.0,published optimum,True,0.0,,True,True,0.001550958026200533,200.0,,,,,,
L0 knapsack,Pisinger inv. strongly corr.,knapPI_4_200_1000_13,branch & bound,13754.0,13754.0,published optimum,True,0.0,,False,True,0.006622666027396917,200.0,5000001.0,,,,,
L0 knapsack,Pisinger inv. strongly corr.,knapPI_4_200_1000_14,DP (numba),15524.0,15524.0,published optimum,True,0.0,,True,True,0.001735291036311537,200.0,,,,,,
L0 knapsack,Pisinger inv. strongly corr.,knapPI_4_200_1000_14,branch & bound,15524.0,15524.0,published optimum,True,0.0,,True,True,0.00039108400233089924,200.0,207090.0,,,,,
L0 knapsack,Pisinger inv. strongly corr.,knapPI_4_200_1000_15,DP (numba),17552.0,17552.0,published optimum,True,0.0,,True,True,0.0020006250124424696,200.0,,,,,,
L0 knapsack,Pisinger inv. strongly corr.,knapPI_4_200_1000_15,branch & bound,17552.0,17552.0,published optimum,True,0.0,,False,True,0.00675004196818918,200.0,5000001.0,,,,,
L0 knapsack,Pisinger inv. strongly corr.,knapPI_4_200_1000_16,DP (numba),17222.0,17222.0,published optimum,True,0.0,,True,True,0.0017818749765865505,200.0,,,,,,
L0 knapsack,Pisinger inv. strongly corr.,knapPI_4_200_1000_16,branch & bound,17222.0,17222.0,published optimum,True,0.0,,False,True,0.0065756249823607504,200.0,5000001.0,,,,,
L0 knapsack,Pisinger inv. strongly corr.,knapPI_4_200_1000_17,DP (numba),18313.0,18313.0,published optimum,True,0.0,,True,True,0.00206866703229025,200.0,,,,,,
L0 knapsack,Pisinger inv. strongly corr.,knapPI_4_200_1000_17,branch & bound,18313.0,18313.0,published optimum,True,0.0,,False,True,0.006556832988280803,200.0,5000001.0,,,,,
L0 knapsack,Pisinger inv. strongly corr.,knapPI_4_200_1000_18,DP (numba),19553.0,19553.0,published optimum,True,0.0,,True,True,0.0023272919934242964,200.0,,,,,,
L0 knapsack,Pisinger inv. strongly corr.,knapPI_4_200_1000_18,branch & bound,19553.0,19553.0,published optimum,True,0.0,,False,True,0.006587207957636565,200.0,5000001.0,,,,,
L0 knapsack,Pisinger inv. strongly corr.,knapPI_4_200_1000_19,DP (numba),19728.0,19728.0,published optimum,True,0.0,,True,True,0.002247957978397608,200.0,,,,,,
L0 knapsack,Pisinger inv. strongly corr.,knapPI_4_200_1000_19,branch & bound,19728.0,19728.0,published optimum,True,0.0,,True,True,2.2541964426636696e-05,200.0,470.0,,,,,
L0 knapsack,Pisinger inv. strongly corr.,knapPI_4_200_1000_20,DP (numba),23218.0,23218.0,published optimum,True,0.0,,True,True,0.0026134580257348716,200.0,,,,,,
L0 knapsack,Pisinger inv. strongly corr.,knapPI_4_200_1000_20,branch & bound,23218.0,23218.0,published optimum,True,0.0,,False,True,0.006540832982864231,200.0,5000001.0,,,,,
L0 knapsack,Pisinger inv. strongly corr.,knapPI_4_500_1000_1,DP (numba),2712.0,2712.0,published optimum,True,0.0,,True,True,0.0005294169532135129,500.0,,,,,,
L0 knapsack,Pisinger inv. strongly corr.,knapPI_4_500_1000_1,branch & bound,2712.0,2712.0,published optimum,True,0.0,,True,True,0.00017499999376013875,500.0,112229.0,,,,,
L0 knapsack,Pisinger inv. strongly corr.,knapPI_4_500_1000_2,DP (numba),5426.0,5426.0,published optimum,True,0.0,,True,True,0.0011435829801484942,500.0,,,,,,
L0 knapsack,Pisinger inv. strongly corr.,knapPI_4_500_1000_2,branch & bound,5426.0,5426.0,published optimum,True,0.0,,False,True,0.006316250015515834,500.0,5000001.0,,,,,
L0 knapsack,Pisinger inv. strongly corr.,knapPI_4_500_1000_3,DP (numba),7902.0,7902.0,published optimum,True,0.0,,True,True,0.0018346249707974494,500.0,,,,,,
L0 knapsack,Pisinger inv. strongly corr.,knapPI_4_500_1000_3,branch & bound,7902.0,7902.0,published optimum,True,0.0,,True,True,7.750000804662704e-05,500.0,13804.0,,,,,
L0 knapsack,Pisinger inv. strongly corr.,knapPI_4_500_1000_4,DP (numba),10900.0,10900.0,published optimum,True,0.0,,True,True,0.0027288750279694796,500.0,,,,,,
L0 knapsack,Pisinger inv. strongly corr.,knapPI_4_500_1000_4,branch & bound,10900.0,10900.0,published optimum,True,0.0,,False,True,0.0063071249751374125,500.0,5000001.0,,,,,
L0 knapsack,Pisinger inv. strongly corr.,knapPI_4_500_1000_5,DP (numba),13991.0,13991.0,published optimum,True,0.0,,True,True,0.003557374991942197,500.0,,,,,,
L0 knapsack,Pisinger inv. strongly corr.,knapPI_4_500_1000_5,branch & bound,13991.0,13991.0,published optimum,True,0.0,,False,True,0.0061854589730501175,500.0,5000001.0,,,,,
L0 knapsack,Pisinger inv. strongly corr.,knapPI_4_500_1000_6,DP (numba),16266.0,16266.0,published optimum,True,0.0,,True,True,0.0042403339757584035,500.0,,,,,,
L0 knapsack,Pisinger inv. strongly corr.,knapPI_4_500_1000_6,branch & bound,16266.0,16266.0,published optimum,True,0.0,,False,True,0.006458875024691224,500.0,5000001.0,,,,,
L0 knapsack,Pisinger inv. strongly corr.,knapPI_4_500_1000_7,DP (numba),18958.0,18958.0,published optimum,True,0.0,,True,True,0.004921458021271974,500.0,,,,,,
L0 knapsack,Pisinger inv. strongly corr.,knapPI_4_500_1000_7,branch & bound,18958.0,18958.0,published optimum,True,0.0,,False,True,0.006349665985908359,500.0,5000001.0,,,,,
L0 knapsack,Pisinger inv. strongly corr.,knapPI_4_500_1000_8,DP (numba),21211.0,21211.0,published optimum,True,0.0,,True,True,0.0053581250249408185,500.0,,,,,,
L0 knapsack,Pisinger inv. strongly corr.,knapPI_4_500_1000_8,branch & bound,21211.0,21211.0,published optimum,True,0.0,,False,True,0.00668258301448077,500.0,5000001.0,,,,,
L0 knapsack,Pisinger inv. strongly corr.,knapPI_4_500_1000_9,DP (numba),22934.0,22934.0,published optimum,True,0.0,,True,True,0.006252709019463509,500.0,,,,,,
L0 knapsack,Pisinger inv. strongly corr.,knapPI_4_500_1000_9,branch & bound,22934.0,22934.0,published optimum,True,0.0,,False,True,0.007240083999931812,500.0,5000001.0,,,,,
L0 knapsack,Pisinger inv. strongly corr.,knapPI_4_500_1000_10,DP (numba),27118.0,27118.0,published optimum,True,0.0,,True,True,0.007037249975837767,500.0,,,,,,
L0 knapsack,Pisinger inv. strongly corr.,knapPI_4_500_1000_10,branch & bound,27118.0,27118.0,published optimum,True,0.0,,False,True,0.006435457966290414,500.0,5000001.0,,,,,
L0 knapsack,Pisinger inv. strongly corr.,knapPI_4_500_1000_11,DP (numba),29482.0,29482.0,published optimum,True,0.0,,True,True,0.007768957992084324,500.0,,,,,,
L0 knapsack,Pisinger inv. strongly corr.,knapPI_4_500_1000_11,branch & bound,29482.0,29482.0,published optimum,True,0.0,,False,True,0.0061663329834118485,500.0,5000001.0,,,,,
L0 knapsack,Pisinger inv. strongly corr.,knapPI_4_500_1000_12,DP (numba),32733.0,32733.0,published optimum,True,0.0,,True,True,0.008479790994897485,500.0,,,,,,
L0 knapsack,Pisinger inv. strongly corr.,knapPI_4_500_1000_12,branch & bound,32733.0,32733.0,published optimum,True,0.0,,False,True,0.0062347500352188945,500.0,5000001.0,,,,,
L0 knapsack,Pisinger inv. strongly corr.,knapPI_4_500_1000_13,DP (numba),34168.0,34168.0,published optimum,True,0.0,,True,True,0.009407208010088652,500.0,,,,,,
L0 knapsack,Pisinger inv. strongly corr.,knapPI_4_500_1000_13,branch & bound,34168.0,34168.0,published optimum,True,0.0,,False,True,0.006227999983821064,500.0,5000001.0,,,,,
L0 knapsack,Pisinger inv. strongly corr.,knapPI_4_500_1000_14,DP (numba),37119.0,37119.0,published optimum,True,0.0,,True,True,0.011530041985679418,500.0,,,,,,
L0 knapsack,Pisinger inv. strongly corr.,knapPI_4_500_1000_14,branch & bound,37119.0,37119.0,published optimum,True,0.0,,False,True,0.006398041034117341,500.0,5000001.0,,,,,
L0 knapsack,Pisinger inv. strongly corr.,knapPI_4_500_1000_15,DP (numba),42080.0,42080.0,published optimum,True,0.0,,True,True,0.011922457953915,500.0,,,,,,
L0 knapsack,Pisinger inv. strongly corr.,knapPI_4_500_1000_15,branch & bound,42080.0,42080.0,published optimum,True,0.0,,True,True,0.0069028749712742865,500.0,4357388.0,,,,,
L0 knapsack,Pisinger inv. strongly corr.,knapPI_4_500_1000_16,DP (numba),43160.0,43160.0,published optimum,True,0.0,,True,True,0.01757883297977969,500.0,,,,,,
L0 knapsack,Pisinger inv. strongly corr.,knapPI_4_500_1000_16,branch & bound,43160.0,43160.0,published optimum,True,0.0,,False,True,0.00627829204313457,500.0,5000001.0,,,,,
L0 knapsack,Pisinger inv. strongly corr.,knapPI_4_500_1000_17,DP (numba),45259.0,45259.0,published optimum,True,0.0,,True,True,0.0132251670002006,500.0,,,,,,
L0 knapsack,Pisinger inv. strongly corr.,knapPI_4_500_1000_17,branch & bound,45259.0,45259.0,published optimum,True,0.0,,True,True,5.7917030062526464e-05,500.0,5716.0,,,,,
L0 knapsack,Pisinger inv. strongly corr.,knapPI_4_500_1000_18,DP (numba),48516.0,48516.0,published optimum,True,0.0,,True,True,0.013832499971613288,500.0,,,,,,
L0 knapsack,Pisinger inv. strongly corr.,knapPI_4_500_1000_18,branch & bound,48516.0,48516.0,published optimum,True,0.0,,False,True,0.006336707971058786,500.0,5000001.0,,,,,
L0 knapsack,Pisinger inv. strongly corr.,knapPI_4_500_1000_19,DP (numba),50108.0,50108.0,published optimum,True,0.0,,True,True,0.014959833992179483,500.0,,,,,,
L0 knapsack,Pisinger inv. strongly corr.,knapPI_4_500_1000_19,branch & bound,50108.0,50108.0,published optimum,True,0.0,,False,True,0.006730709050316364,500.0,5000001.0,,,,,
L0 knapsack,Pisinger inv. strongly corr.,knapPI_4_500_1000_20,DP (numba),55028.0,55028.0,published optimum,True,0.0,,True,True,0.016125875001307577,500.0,,,,,,
L0 knapsack,Pisinger inv. strongly corr.,knapPI_4_500_1000_20,branch & bound,55028.0,55028.0,published optimum,True,0.0,,False,True,0.006259749992750585,500.0,5000001.0,,,,,
L0 knapsack,Pisinger inv. strongly corr.,knapPI_4_1000_1000_1,DP (numba),5380.0,5380.0,published optimum,True,0.0,,True,True,0.0025552090373821557,1000.0,,,,,,
L0 knapsack,Pisinger inv. strongly corr.,knapPI_4_1000_1000_1,branch & bound,5380.0,5380.0,published optimum,True,0.0,,False,True,0.005992542020976543,1000.0,5000001.0,,,,,
L0 knapsack,Pisinger inv. strongly corr.,knapPI_4_1000_1000_2,DP (numba),10876.0,10876.0,published optimum,True,0.0,,True,True,0.005305166996549815,1000.0,,,,,,
L0 knapsack,Pisinger inv. strongly corr.,knapPI_4_1000_1000_2,branch & bound,10876.0,10876.0,published optimum,True,0.0,,False,True,0.006606416020076722,1000.0,5000001.0,,,,,
L0 knapsack,Pisinger inv. strongly corr.,knapPI_4_1000_1000_3,DP (numba),15951.0,15951.0,published optimum,True,0.0,,True,True,0.008025790972169489,1000.0,,,,,,
L0 knapsack,Pisinger inv. strongly corr.,knapPI_4_1000_1000_3,branch & bound,15951.0,15951.0,published optimum,True,0.0,,False,True,0.005986624979414046,1000.0,5000001.0,,,,,
L0 knapsack,Pisinger inv. strongly corr.,knapPI_4_1000_1000_4,DP (numba),21627.0,21627.0,published optimum,True,0.0,,True,True,0.010256874957121909,1000.0,,,,,,
L0 knapsack,Pisinger inv. strongly corr.,knapPI_4_1000_1000_4,branch & bound,21627.0,21627.0,published optimum,True,0.0,,False,True,0.006584167014807463,1000.0,5000001.0,,,,,
L0 knapsack,Pisinger inv. strongly corr.,knapPI_4_1000_1000_5,DP (numba),27583.0,27583.0,published optimum,True,0.0,,True,True,0.013106708007398993,1000.0,,,,,,
L0 knapsack,Pisinger inv. strongly corr.,knapPI_4_1000_1000_5,branch & bound,27583.0,27583.0,published optimum,True,0.0,,False,True,0.006581207970157266,1000.0,5000001.0,,,,,
L0 knapsack,Pisinger inv. strongly corr.,knapPI_4_1000_1000_6,DP (numba),32360.0,32360.0,published optimum,True,0.0,,True,True,0.018607958976645023,1000.0,,,,,,
L0 knapsack,Pisinger inv. strongly corr.,knapPI_4_1000_1000_6,branch & bound,32360.0,32360.0,published optimum,True,0.0,,False,True,0.005918624985497445,1000.0,5000001.0,,,,,
L0 knapsack,Pisinger inv. strongly corr.,knapPI_4_1000_1000_7,DP (numba),36585.0,36585.0,published optimum,True,0.0,,True,True,0.02025858301203698,1000.0,,,,,,
L0 knapsack,Pisinger inv. strongly corr.,knapPI_4_1000_1000_7,branch & bound,36585.0,36585.0,published optimum,True,0.0,,False,True,0.0061764579731971025,1000.0,5000001.0,,,,,
L0 knapsack,Pisinger inv. strongly corr.,knapPI_4_1000_1000_8,DP (numba),42364.0,42364.0,published optimum,True,0.0,,True,True,0.02474108402384445,1000.0,,,,,,
L0 knapsack,Pisinger inv. strongly corr.,knapPI_4_1000_1000_8,branch & bound,42364.0,42364.0,published optimum,True,0.0,,False,True,0.006154790986329317,1000.0,5000001.0,,,,,
L0 knapsack,Pisinger inv. strongly corr.,knapPI_4_1000_1000_9,DP (numba),46314.0,46314.0,published optimum,True,0.0,,True,True,0.02578987501328811,1000.0,,,,,,
L0 knapsack,Pisinger inv. strongly corr.,knapPI_4_1000_1000_9,branch & bound,46314.0,46314.0,published optimum,True,0.0,,False,True,0.006545124982949346,1000.0,5000001.0,,,,,
L0 knapsack,Pisinger inv. strongly corr.,knapPI_4_1000_1000_10,DP (numba),55046.0,55046.0,published optimum,True,0.0,,True,True,0.03391187498345971,1000.0,,,,,,
L0 knapsack,Pisinger inv. strongly corr.,knapPI_4_1000_1000_10,branch & bound,55046.0,55046.0,published optimum,True,0.0,,False,True,0.005967375007458031,1000.0,5000001.0,,,,,
L0 knapsack,Pisinger inv. strongly corr.,knapPI_4_1000_1000_11,DP (numba),58811.0,58811.0,published optimum,True,0.0,,True,True,0.027716916985809803,1000.0,,,,,,
L0 knapsack,Pisinger inv. strongly corr.,knapPI_4_1000_1000_11,branch & bound,58811.0,58811.0,published optimum,True,0.0,,False,True,0.006523749965708703,1000.0,5000001.0,,,,,
L0 knapsack,Pisinger inv. strongly corr.,knapPI_4_1000_1000_12,DP (numba),63424.0,63424.0,published optimum,True,0.0,,True,True,0.029470790992490947,1000.0,,,,,,
L0 knapsack,Pisinger inv. strongly corr.,knapPI_4_1000_1000_12,branch & bound,63424.0,63424.0,published optimum,True,0.0,,False,True,0.006476124981418252,1000.0,5000001.0,,,,,
L0 knapsack,Pisinger inv. strongly corr.,knapPI_4_1000_1000_13,DP (numba),70370.0,70370.0,published optimum,True,0.0,,True,True,0.03293720801593736,1000.0,,,,,,
L0 knapsack,Pisinger inv. strongly corr.,knapPI_4_1000_1000_13,branch & bound,70370.0,70370.0,published optimum,True,0.0,,False,True,0.006226416968274862,1000.0,5000001.0,,,,,
L0 knapsack,Pisinger inv. strongly corr.,knapPI_4_1000_1000_14,DP (numba),75707.0,75707.0,published optimum,True,0.0,,True,True,0.0351048749871552,1000.0,,,,,,
L0 knapsack,Pisinger inv. strongly corr.,knapPI_4_1000_1000_14,branch & bound,75707.0,75707.0,published optimum,True,0.0,,False,True,0.006217333022505045,1000.0,5000001.0,,,,,
L0 knapsack,Pisinger inv. strongly corr.,knapPI_4_1000_1000_15,DP (numba),82386.0,82386.0,published optimum,True,0.0,,True,True,0.038579999993089586,1000.0,,,,,,
L0 knapsack,Pisinger inv. strongly corr.,knapPI_4_1000_1000_15,branch & bound,82386.0,82386.0,published optimum,True,0.0,,False,True,0.0063024580013006926,1000.0,5000001.0,,,,,
L0 knapsack,Pisinger inv. strongly corr.,knapPI_4_1000_1000_16,DP (numba),83279.0,83279.0,published optimum,True,0.0,,True,True,0.038596541970036924,1000.0,,,,,,
L0 knapsack,Pisinger inv. strongly corr.,knapPI_4_1000_1000_16,branch & bound,83279.0,83279.0,published optimum,True,0.0,,False,True,0.006239707989152521,1000.0,5000001.0,,,,,
L0 knapsack,Pisinger inv. strongly corr.,knapPI_4_1000_1000_17,DP (numba),90553.0,90553.0,published optimum,True,0.0,,True,True,0.042888915981166065,1000.0,,,,,,
L0 knapsack,Pisinger inv. strongly corr.,knapPI_4_1000_1000_17,branch & bound,90553.0,90553.0,published optimum,True,0.0,,False,True,0.0062343329773284495,1000.0,5000001.0,,,,,
L0 knapsack,Pisinger inv. strongly corr.,knapPI_4_1000_1000_18,DP (numba),96744.0,96744.0,published optimum,True,0.0,,True,True,0.05017066700384021,1000.0,,,,,,
L0 knapsack,Pisinger inv. strongly corr.,knapPI_4_1000_1000_18,branch & bound,96744.0,96744.0,published optimum,True,0.0,,False,True,0.005986958043649793,1000.0,5000001.0,,,,,
L0 knapsack,Pisinger inv. strongly corr.,knapPI_4_1000_1000_19,DP (numba),100367.0,100367.0,published optimum,True,0.0,,True,True,0.04749570804415271,1000.0,,,,,,
L0 knapsack,Pisinger inv. strongly corr.,knapPI_4_1000_1000_19,branch & bound,100367.0,100367.0,published optimum,True,0.0,,False,True,0.005945416982285678,1000.0,5000001.0,,,,,
L0 knapsack,Pisinger inv. strongly corr.,knapPI_4_1000_1000_20,DP (numba),110141.0,110141.0,published optimum,True,0.0,,True,True,0.056113290949724615,1000.0,,,,,,
L0 knapsack,Pisinger inv. strongly corr.,knapPI_4_1000_1000_20,branch & bound,110141.0,110141.0,published optimum,True,0.0,,False,True,0.006044750043656677,1000.0,5000001.0,,,,,
L0 knapsack,Pisinger inv. strongly corr.,knapPI_4_2000_1000_1,DP (numba),10699.0,10699.0,published optimum,True,0.0,,True,True,0.009160834015347064,2000.0,,,,,,
L0 knapsack,Pisinger inv. strongly corr.,knapPI_4_2000_1000_1,branch & bound,10699.0,10699.0,published optimum,True,0.0,,False,True,0.006229250051546842,2000.0,5000001.0,,,,,
L0 knapsack,Pisinger inv. strongly corr.,knapPI_4_2000_1000_2,DP (numba),21761.0,21761.0,published optimum,True,0.0,,True,True,0.0202377499663271,2000.0,,,,,,
L0 knapsack,Pisinger inv. strongly corr.,knapPI_4_2000_1000_2,branch & bound,21761.0,21761.0,published optimum,True,0.0,,False,True,0.0064402909483760595,2000.0,5000001.0,,,,,
L0 knapsack,Pisinger inv. strongly corr.,knapPI_4_2000_1000_3,DP (numba),32354.0,32354.0,published optimum,True,0.0,,True,True,0.02870525000616908,2000.0,,,,,,
L0 knapsack,Pisinger inv. strongly corr.,knapPI_4_2000_1000_3,branch & bound,32354.0,32354.0,published optimum,True,0.0,,False,True,0.0060132080106996,2000.0,5000001.0,,,,,
L0 knapsack,Pisinger inv. strongly corr.,knapPI_4_2000_1000_4,DP (numba),42736.0,42736.0,published optimum,True,0.0,,True,True,0.037975166051182896,2000.0,,,,,,
L0 knapsack,Pisinger inv. strongly corr.,knapPI_4_2000_1000_4,branch & bound,42736.0,42736.0,published optimum,True,0.0,,False,True,0.005819750018417835,2000.0,5000001.0,,,,,
L0 knapsack,Pisinger inv. strongly corr.,knapPI_4_2000_1000_5,DP (numba),54990.0,54990.0,published optimum,True,0.0,,True,True,0.04896333301439881,2000.0,,,,,,
L0 knapsack,Pisinger inv. strongly corr.,knapPI_4_2000_1000_5,branch & bound,54990.0,54990.0,published optimum,True,0.0,,False,True,0.005958708003163338,2000.0,5000001.0,,,,,
L0 knapsack,Pisinger inv. strongly corr.,knapPI_4_2000_1000_6,DP (numba),64592.0,64592.0,published optimum,True,0.0,,True,True,0.06405675003770739,2000.0,,,,,,
L0 knapsack,Pisinger inv. strongly corr.,knapPI_4_2000_1000_6,branch & bound,64592.0,64592.0,published optimum,True,0.0,,False,True,0.006389833986759186,2000.0,5000001.0,,,,,
L0 knapsack,Pisinger inv. strongly corr.,knapPI_4_2000_1000_7,DP (numba),75029.0,75029.0,published optimum,True,0.0,,True,True,0.0697837500483729,2000.0,,,,,,
L0 knapsack,Pisinger inv. strongly corr.,knapPI_4_2000_1000_7,branch & bound,75029.0,75029.0,published optimum,True,0.0,,False,True,0.005893082998227328,2000.0,5000001.0,,,,,
L0 knapsack,Pisinger inv. strongly corr.,knapPI_4_2000_1000_8,DP (numba),84868.0,84868.0,published optimum,True,0.0,,True,True,0.07660204102285206,2000.0,,,,,,
L0 knapsack,Pisinger inv. strongly corr.,knapPI_4_2000_1000_8,branch & bound,84868.0,84868.0,published optimum,True,0.0,,False,True,0.005781458981800824,2000.0,5000001.0,,,,,
L0 knapsack,Pisinger inv. strongly corr.,knapPI_4_2000_1000_9,DP (numba),95166.0,95166.0,published optimum,True,0.0,,True,True,0.08718479197705165,2000.0,,,,,,
L0 knapsack,Pisinger inv. strongly corr.,knapPI_4_2000_1000_9,branch & bound,95166.0,95166.0,published optimum,True,0.0,,False,True,0.005962957977317274,2000.0,5000001.0,,,,,
L0 knapsack,Pisinger inv. strongly corr.,knapPI_4_2000_1000_10,DP (numba),109410.0,109410.0,published optimum,True,0.0,,True,True,0.0999018750153482,2000.0,,,,,,
L0 knapsack,Pisinger inv. strongly corr.,knapPI_4_2000_1000_10,branch & bound,109410.0,109410.0,published optimum,True,0.0,,False,True,0.005872207984793931,2000.0,5000001.0,,,,,
L0 knapsack,Pisinger inv. strongly corr.,knapPI_4_2000_1000_11,DP (numba),118600.0,118600.0,published optimum,True,0.0,,True,True,0.10797820898005739,2000.0,,,,,,
L0 knapsack,Pisinger inv. strongly corr.,knapPI_4_2000_1000_11,branch & bound,118600.0,118600.0,published optimum,True,0.0,,False,True,0.005957999965175986,2000.0,5000001.0,,,,,
L0 knapsack,Pisinger inv. strongly corr.,knapPI_4_2000_1000_12,DP (numba),129689.0,129689.0,published optimum,True,0.0,,True,True,0.11840487498557195,2000.0,,,,,,
L0 knapsack,Pisinger inv. strongly corr.,knapPI_4_2000_1000_12,branch & bound,129689.0,129689.0,published optimum,True,0.0,,False,True,0.006524958007503301,2000.0,5000001.0,,,,,
L0 knapsack,Pisinger inv. strongly corr.,knapPI_4_2000_1000_13,DP (numba),139674.0,139674.0,published optimum,True,0.0,,True,True,0.12738995801191777,2000.0,,,,,,
L0 knapsack,Pisinger inv. strongly corr.,knapPI_4_2000_1000_13,branch & bound,139674.0,139674.0,published optimum,True,0.0,,False,True,0.006431707995943725,2000.0,5000001.0,,,,,
L0 knapsack,Pisinger inv. strongly corr.,knapPI_4_2000_1000_14,DP (numba),150188.0,150188.0,published optimum,True,0.0,,True,True,0.15129362500738353,2000.0,,,,,,
L0 knapsack,Pisinger inv. strongly corr.,knapPI_4_2000_1000_14,branch & bound,150188.0,150188.0,published optimum,True,0.0,,False,True,0.006002790993079543,2000.0,5000001.0,,,,,
L0 knapsack,Pisinger inv. strongly corr.,knapPI_4_2000_1000_15,DP (numba),161597.0,161597.0,published optimum,True,0.0,,True,True,0.16470549994846806,2000.0,,,,,,
L0 knapsack,Pisinger inv. strongly corr.,knapPI_4_2000_1000_15,branch & bound,161597.0,161597.0,published optimum,True,0.0,,False,True,0.005928708997089416,2000.0,5000001.0,,,,,
L0 knapsack,Pisinger inv. strongly corr.,knapPI_4_2000_1000_16,DP (numba),172104.0,172104.0,published optimum,True,0.0,,True,True,0.17934862500987947,2000.0,,,,,,
L0 knapsack,Pisinger inv. strongly corr.,knapPI_4_2000_1000_16,branch & bound,172104.0,172104.0,published optimum,True,0.0,,False,True,0.006025416019838303,2000.0,5000001.0,,,,,
L0 knapsack,Pisinger inv. strongly corr.,knapPI_4_2000_1000_17,DP (numba),181078.0,181078.0,published optimum,True,0.0,,True,True,0.23164520802674815,2000.0,,,,,,
L0 knapsack,Pisinger inv. strongly corr.,knapPI_4_2000_1000_17,branch & bound,181078.0,181078.0,published optimum,True,0.0,,False,True,0.006094459036830813,2000.0,5000001.0,,,,,
L0 knapsack,Pisinger inv. strongly corr.,knapPI_4_2000_1000_18,DP (numba),192735.0,192735.0,published optimum,True,0.0,,True,True,0.220081957988441,2000.0,,,,,,
L0 knapsack,Pisinger inv. strongly corr.,knapPI_4_2000_1000_18,branch & bound,192735.0,192735.0,published optimum,True,0.0,,False,True,0.006010833021719009,2000.0,5000001.0,,,,,
L0 knapsack,Pisinger inv. strongly corr.,knapPI_4_2000_1000_19,DP (numba),202222.0,202222.0,published optimum,True,0.0,,True,True,0.20719487499445677,2000.0,,,,,,
L0 knapsack,Pisinger inv. strongly corr.,knapPI_4_2000_1000_19,branch & bound,202222.0,202222.0,published optimum,True,0.0,,False,True,0.005984874966088682,2000.0,5000001.0,,,,,
L0 knapsack,Pisinger inv. strongly corr.,knapPI_4_2000_1000_20,DP (numba),215118.0,215118.0,published optimum,True,0.0,,True,True,0.22501879202900454,2000.0,,,,,,
L0 knapsack,Pisinger inv. strongly corr.,knapPI_4_2000_1000_20,branch & bound,215118.0,215118.0,published optimum,True,0.0,,False,True,0.00593958399258554,2000.0,5000001.0,,,,,
L1 allocation (MKP),Chu-Beasley m=5 n=100,mknapcb1:5.100-00,dual-ratio greedy + 1-swap,24204.0,24381.0,best known,False,0.007259751445797958,,False,True,0.0013949580024927855,,,,,,,
L1 allocation (MKP),Chu-Beasley m=5 n=100,mknapcb1:5.100-00,Lagrangian (KP subproblem),24304.0,24381.0,best known,False,0.003158196956646569,24573.0,False,True,0.093993375019636,,,24585.90272202135,12.9027220213502,,,
L1 allocation (MKP),Chu-Beasley m=5 n=100,mknapcb1:5.100-00,"MIP (highs, 10s)",24381.0,24381.0,best known,True,0.0,24381.00000000003,True,True,3.5672507919953205,,,,,,,
L1 allocation (MKP),Chu-Beasley m=5 n=100,mknapcb1:5.100-01,dual-ratio greedy + 1-swap,24109.0,24274.0,best known,False,0.006797396391200462,,False,True,0.0008663330227136612,,,,,,,
L1 allocation (MKP),Chu-Beasley m=5 n=100,mknapcb1:5.100-01,Lagrangian (KP subproblem),24116.0,24274.0,best known,False,0.006509021998846502,24520.0,False,True,0.08794462500372902,,,24538.20899040165,18.208990401650226,,,
L1 allocation (MKP),Chu-Beasley m=5 n=100,mknapcb1:5.100-01,"MIP (highs, 10s)",24274.0,24274.0,best known,True,0.0,24274.000000000004,True,True,2.3542541249771602,,,,,,,
L1 allocation (MKP),Chu-Beasley m=5 n=100,mknapcb1:5.100-02,dual-ratio greedy + 1-swap,23368.0,23551.0,best known,False,0.007770370684896608,,False,True,0.0008772499859333038,,,,,,,
L1 allocation (MKP),Chu-Beasley m=5 n=100,mknapcb1:5.100-02,Lagrangian (KP subproblem),23390.0,23551.0,best known,False,0.0068362277610292555,23875.0,False,True,0.08803458296461031,,,23895.828928315335,20.82892831533536,,,
L1 allocation (MKP),Chu-Beasley m=5 n=100,mknapcb1:5.100-02,"MIP (highs, 10s)",23551.0,23551.0,best known,True,0.0,23551.00000000002,True,True,5.64219270797912,,,,,,,
L1 allocation (MKP),Chu-Beasley m=5 n=100,mknapcb1:5.100-10,dual-ratio greedy + 1-swap,42476.0,42757.0,best known,False,0.006572023294431321,,False,True,0.0009351670159958303,,,,,,,
L1 allocation (MKP),Chu-Beasley m=5 n=100,mknapcb1:5.100-10,Lagrangian (KP subproblem),42607.0,42757.0,best known,False,0.0035081974881305987,42903.0,False,True,0.18291566701373085,,,42939.522302088,36.52230208800029,,,
L1 allocation (MKP),Chu-Beasley m=5 n=100,mknapcb1:5.100-10,"MIP (highs, 10s)",42757.0,42757.0,best known,True,0.0,42757.00000000001,True,True,0.7568103329977021,,,,,,,
L1 allocation (MKP),Chu-Beasley m=5 n=100,mknapcb1:5.100-11,dual-ratio greedy + 1-swap,42386.0,42545.0,best known,False,0.003737219414737337,,False,True,0.0005855420022271574,,,,,,,
L1 allocation (MKP),Chu-Beasley m=5 n=100,mknapcb1:5.100-11,Lagrangian (KP subproblem),42386.0,42545.0,best known,False,0.003737219414737337,42690.0,False,True,0.1873624169966206,,,42706.70209522877,16.702095228771213,,,
L1 allocation (MKP),Chu-Beasley m=5 n=100,mknapcb1:5.100-11,"MIP (highs, 10s)",42545.0,42545.0,best known,True,0.0,42545.0,True,True,1.4799075829796493,,,,,,,
L1 allocation (MKP),Chu-Beasley m=5 n=100,mknapcb1:5.100-12,dual-ratio greedy + 1-swap,41681.0,41968.0,best known,False,0.0068385436523065194,,False,True,0.0006708750152029097,,,,,,,
L1 allocation (MKP),Chu-Beasley m=5 n=100,mknapcb1:5.100-12,Lagrangian (KP subproblem),41922.0,41968.0,best known,False,0.0010960731986275258,42153.0,False,True,0.17505254200659692,,,42165.18716766709,12.18716766709258,,,
L1 allocation (MKP),Chu-Beasley m=5 n=100,mknapcb1:5.100-12,"MIP (highs, 10s)",41960.0,41968.0,best known,False,0.00019062142584826535,42074.0,False,True,10.002611290954519,,,,,,,
L1 allocation (MKP),Chu-Beasley m=5 n=100,mknapcb1:5.100-20,dual-ratio greedy + 1-swap,59670.0,59822.0,best known,False,0.0025408712513790913,,False,True,0.0005543340230360627,,,,,,,
L1 allocation (MKP),Chu-Beasley m=5 n=100,mknapcb1:5.100-20,Lagrangian (KP subproblem),59670.0,59822.0,best known,False,0.0025408712513790913,60000.0,False,True,0.26188175001880154,,,60016.55516088342,16.555160883421195,,,
L1 allocation (MKP),Chu-Beasley m=5 n=100,mknapcb1:5.100-20,"MIP (highs, 10s)",59822.0,59822.0,best known,True,0.0,59822.0,True,True,0.6708685829653405,,,,,,,
L1 allocation (MKP),Chu-Beasley m=5 n=100,mknapcb1:5.100-21,dual-ratio greedy + 1-swap,61909.0,62081.0,best known,False,0.0027705739276107024,,False,True,0.00038054102333262563,,,,,,,
L1 allocation (MKP),Chu-Beasley m=5 n=100,mknapcb1:5.100-21,Lagrangian (KP subproblem),61909.0,62081.0,best known,False,0.0027705739276107024,62197.0,False,True,0.31641970796044916,,,62228.22115553591,31.22115553590993,,,
L1 allocation (MKP),Chu-Beasley m=5 n=100,mknapcb1:5.100-21,"MIP (highs, 10s)",62081.0,62081.0,best known,True,0.0,62080.999999999985,True,True,1.3402398750185966,,,,,,,
L1 allocation (MKP),Chu-Beasley m=5 n=100,mknapcb1:5.100-22,dual-ratio greedy + 1-swap,59655.0,59802.0,best known,False,0.0024581117688371626,,False,True,0.0009360000258311629,,,,,,,
L1 allocation (MKP),Chu-Beasley m=5 n=100,mknapcb1:5.100-22,Lagrangian (KP subproblem),59655.0,59802.0,best known,False,0.0024581117688371626,59953.0,False,True,0.27678633300820366,,,59963.295742923365,10.295742923364742,,,
L1 allocation (MKP),Chu-Beasley m=5 n=100,mknapcb1:5.100-22,"MIP (highs, 10s)",59802.0,59802.0,best known,True,0.0,59802.00000000003,True,True,4.368895708990749,,,,,,,
L1 allocation (MKP),Chu-Beasley m=5 n=250,mknapcb2:5.250-00,dual-ratio greedy + 1-swap,58848.0,59312.0,best known,False,0.007823037496628,,False,True,0.002215999993495643,,,,,,,
L1 allocation (MKP),Chu-Beasley m=5 n=250,mknapcb2:5.250-00,Lagrangian (KP subproblem),59103.0,59312.0,best known,False,0.0035237388724035606,59430.0,False,True,0.39815145899774507,,,59442.47029270049,12.470292700490972,,,
L1 allocation (MKP),Chu-Beasley m=5 n=250,mknapcb2:5.250-00,"MIP (highs, 10s)",59229.0,59312.0,best known,False,0.0013993795521985433,59406.0,False,True,10.001451874966733,,,,,,,
L1 allocation (MKP),Chu-Beasley m=5 n=250,mknapcb2:5.250-01,dual-ratio greedy + 1-swap,61306.0,61472.0,best known,False,0.002700416449765747,,False,True,0.0017468330333940685,,,,,,,
L1 allocation (MKP),Chu-Beasley m=5 n=250,mknapcb2:5.250-01,Lagrangian (KP subproblem),61306.0,61472.0,best known,False,0.002700416449765747,61621.0,False,True,0.3868862919625826,,,61629.33600383675,8.336003836746386,,,
L1 allocation (MKP),Chu-Beasley m=5 n=250,mknapcb2:5.250-01,"MIP (highs, 10s)",61468.0,61472.0,best known,False,6.50702758979698e-05,61589.0,False,True,10.002795375010464,,,,,,,
L1 allocation (MKP),Chu-Beasley m=5 n=250,mknapcb2:5.250-02,dual-ratio greedy + 1-swap,61941.0,62130.0,best known,False,0.003042008691453404,,False,True,0.0018287079874426126,,,,,,,
L1 allocation (MKP),Chu-Beasley m=5 n=250,mknapcb2:5.250-02,Lagrangian (KP subproblem),61941.0,62130.0,best known,False,0.003042008691453404,62236.0,False,True,0.42648933304008096,,,62259.54463651345,23.544636513448495,,,
L1 allocation (MKP),Chu-Beasley m=5 n=250,mknapcb2:5.250-02,"MIP (highs, 10s)",62050.0,62130.0,best known,False,0.0012876227265411235,62222.0,False,True,10.000485499971546,,,,,,,
L1 allocation (MKP),Chu-Beasley m=5 n=250,mknapcb2:5.250-10,dual-ratio greedy + 1-swap,108724.0,109109.0,best known,False,0.0035285815102328866,,False,True,0.0015798750100657344,,,,,,,
L1 allocation (MKP),Chu-Beasley m=5 n=250,mknapcb2:5.250-10,Lagrangian (KP subproblem),109063.0,109109.0,best known,False,0.0004215967518719812,109211.0,False,True,1.035169125010725,,,109220.63965455844,9.639654558442999,,,
L1 allocation (MKP),Chu-Beasley m=5 n=250,mknapcb2:5.250-10,"MIP (highs, 10s)",109079.0,109109.0,best known,False,0.0002749544033947704,109196.0,False,True,10.001596042013261,,,,,,,
L1 allocation (MKP),Chu-Beasley m=5 n=250,mknapcb2:5.250-11,dual-ratio greedy + 1-swap,109511.0,109841.0,best known,False,0.0030043426407261407,,False,True,0.002176416979636997,,,,,,,
L1 allocation (MKP),Chu-Beasley m=5 n=250,mknapcb2:5.250-11,Lagrangian (KP subproblem),109722.0,109841.0,best known,False,0.0010833841643830629,109947.0,False,True,1.0160790410009213,,,109960.33985101091,13.339851010910934,,,
L1 allocation (MKP),Chu-Beasley m=5 n=250,mknapcb2:5.250-11,"MIP (highs, 10s)",109816.0,109841.0,best known,False,0.0002276017152065258,109921.0,False,True,10.001855374954175,,,,,,,
L1 allocation (MKP),Chu-Beasley m=5 n=250,mknapcb2:5.250-12,dual-ratio greedy + 1-swap,108318.0,108489.0,best known,False,0.0015761966650996875,,False,True,0.001956416992470622,,,,,,,
L1 allocation (MKP),Chu-Beasley m=5 n=250,mknapcb2:5.250-12,Lagrangian (KP subproblem),108318.0,108489.0,best known,False,0.0015761966650996875,108640.0,False,True,0.9271365000167862,,,108648.75672874825,8.756728748252499,,,
L1 allocation (MKP),Chu-Beasley m=5 n=250,mknapcb2:5.250-12,"MIP (highs, 10s)",108478.0,108489.0,best known,False,0.00010139276793038926,108621.0,False,True,10.000862250046339,,,,,,,
L1 allocation (MKP),Chu-Beasley m=5 n=250,mknapcb2:5.250-20,dual-ratio greedy + 1-swap,149337.0,149659.0,best known,False,0.002151557874902278,,False,True,0.00129650003509596,,,,,,,
L1 allocation (MKP),Chu-Beasley m=5 n=250,mknapcb2:5.250-20,Lagrangian (KP subproblem),149497.0,149659.0,best known,False,0.0010824607942054938,149757.0,False,True,1.6517684999853373,,,149765.6731340654,8.673134065407794,,,
L1 allocation (MKP),Chu-Beasley m=5 n=250,mknapcb2:5.250-20,"MIP (highs, 10s)",149646.0,149659.0,best known,False,8.68641378066137e-05,149739.0,False,True,10.001239457982592,,,,,,,
L1 allocation (MKP),Chu-Beasley m=5 n=250,mknapcb2:5.250-21,dual-ratio greedy + 1-swap,155807.0,155940.0,best known,False,0.0008528921380017956,,False,True,0.0013357499847188592,,,,,,,
L1 allocation (MKP),Chu-Beasley m=5 n=250,mknapcb2:5.250-21,Lagrangian (KP subproblem),155807.0,155940.0,best known,False,0.0008528921380017956,156068.0,False,True,1.7415719999698922,,,156084.2694184964,16.269418496405706,,,
L1 allocation (MKP),Chu-Beasley m=5 n=250,mknapcb2:5.250-21,"MIP (highs, 10s)",155905.0,155940.0,best known,False,0.00022444529947415672,156047.0,False,True,10.001137166982517,,,,,,,
L1 allocation (MKP),Chu-Beasley m=5 n=250,mknapcb2:5.250-22,dual-ratio greedy + 1-swap,149250.0,149316.0,best known,False,0.000442015591095395,,False,True,0.0016397499712184072,,,,,,,
L1 allocation (MKP),Chu-Beasley m=5 n=250,mknapcb2:5.250-22,Lagrangian (KP subproblem),149250.0,149316.0,best known,False,0.000442015591095395,149425.0,False,True,1.6778805420035496,,,149433.9023047662,8.902304766204907,,,
L1 allocation (MKP),Chu-Beasley m=5 n=250,mknapcb2:5.250-22,"MIP (highs, 10s)",149292.0,149316.0,best known,False,0.00016073294221650728,149419.0,False,True,10.002181667019613,,,,,,,
L1 allocation (MKP),Chu-Beasley m=5 n=500,mknapcb3:5.500-00,dual-ratio greedy + 1-swap,120019.0,120130.0,best known,False,0.000923999001082161,,False,True,0.008508500002790242,,,,,,,
L1 allocation (MKP),Chu-Beasley m=5 n=500,mknapcb3:5.500-00,Lagrangian (KP subproblem),120019.0,120130.0,best known,False,0.000923999001082161,120226.0,False,True,1.5699630419840105,,,120234.91672744077,8.916727440766408,,,
L1 allocation (MKP),Chu-Beasley m=5 n=500,mknapcb3:5.500-00,"MIP (highs, 10s)",120094.0,120130.0,best known,False,0.0002996753517023225,120228.0,False,True,10.001565915998071,,,,,,,
L1 allocation (MKP),Chu-Beasley m=5 n=500,mknapcb3:5.500-01,dual-ratio greedy + 1-swap,117668.0,117837.0,best known,False,0.001434184509110042,,False,True,0.004882084031123668,,,,,,,
L1 allocation (MKP),Chu-Beasley m=5 n=500,mknapcb3:5.500-01,Lagrangian (KP subproblem),117668.0,117837.0,best known,False,0.001434184509110042,117951.0,False,True,1.6053486660239287,,,117955.16423567144,4.164235671443748,,,
L1 allocation (MKP),Chu-Beasley m=5 n=500,mknapcb3:5.500-01,"MIP (highs, 10s)",117824.0,117837.0,best known,False,0.00011032188531615707,117945.0,False,True,10.00131333299214,,,,,,,
L1 allocation (MKP),Chu-Beasley m=5 n=500,mknapcb3:5.500-02,dual-ratio greedy + 1-swap,120645.0,121109.0,best known,False,0.003831259443971959,,False,True,0.005555542011279613,,,,,,,
L1 allocation (MKP),Chu-Beasley m=5 n=500,mknapcb3:5.500-02,Lagrangian (KP subproblem),120958.0,121109.0,best known,False,0.0012468107242236332,121206.0,False,True,1.5875082910060883,,,121213.32587094099,7.325870940985624,,,
L1 allocation (MKP),Chu-Beasley m=5 n=500,mknapcb3:5.500-02,"MIP (highs, 10s)",121116.0,121109.0,best known,True,-5.7799172646128696e-05,121207.0,False,True,10.00090458401246,,,,,,,
L1 allocation (MKP),Chu-Beasley m=5 n=500,mknapcb3:5.500-10,dual-ratio greedy + 1-swap,218153.0,218422.0,best known,False,0.001231560923350212,,False,True,0.008229208993725479,,,,,,,
L1 allocation (MKP),Chu-Beasley m=5 n=500,mknapcb3:5.500-10,Lagrangian (KP subproblem),218201.0,218422.0,best known,False,0.0010118028403732224,218493.0,False,True,3.9991910419776104,,,218500.08324858896,7.08324858895503,,,
L1 allocation (MKP),Chu-Beasley m=5 n=500,mknapcb3:5.500-10,"MIP (highs, 10s)",218396.0,218422.0,best known,False,0.00011903562827920264,218493.0,False,True,10.000798999972176,,,,,,,
L1 allocation (MKP),Chu-Beasley m=5 n=500,mknapcb3:5.500-11,dual-ratio greedy + 1-swap,220971.0,221191.0,best known,False,0.0009946155132894196,,False,True,0.004179915995337069,,,,,,,
L1 allocation (MKP),Chu-Beasley m=5 n=500,mknapcb3:5.500-11,Lagrangian (KP subproblem),220971.0,221191.0,best known,False,0.0009946155132894196,221268.0,False,True,3.976723416009918,,,221272.40549656458,4.405496564577334,,,
L1 allocation (MKP),Chu-Beasley m=5 n=500,mknapcb3:5.500-11,"MIP (highs, 10s)",221188.0,221191.0,best known,False,1.3562938817582993e-05,221265.0,False,True,10.000622500025202,,,,,,,
L1 allocation (MKP),Chu-Beasley m=5 n=500,mknapcb3:5.500-12,dual-ratio greedy + 1-swap,217305.0,217534.0,best known,False,0.001052709001811211,,False,True,0.006195209047291428,,,,,,,
L1 allocation (MKP),Chu-Beasley m=5 n=500,mknapcb3:5.500-12,Lagrangian (KP subproblem),217305.0,217534.0,best known,False,0.001052709001811211,217608.0,False,True,4.077942291973159,,,217615.7970246382,7.797024638188304,,,
L1 allocation (MKP),Chu-Beasley m=5 n=500,mknapcb3:5.500-12,"MIP (highs, 10s)",217508.0,217534.0,best known,False,0.00011952154605716808,217611.0,False,True,10.001336415996775,,,,,,,
L1 allocation (MKP),Chu-Beasley m=5 n=500,mknapcb3:5.500-20,dual-ratio greedy + 1-swap,295616.0,295828.0,best known,False,0.000716632637884176,,False,True,0.002749999985098839,,,,,,,
L1 allocation (MKP),Chu-Beasley m=5 n=500,mknapcb3:5.500-20,Lagrangian (KP subproblem),295745.0,295828.0,best known,False,0.0002805684384169179,295892.0,False,True,6.724528292019386,,,295896.3769729564,4.376972956408281,,,
L1 allocation (MKP),Chu-Beasley m=5 n=500,mknapcb3:5.500-20,"MIP (highs, 10s)",295828.0,295828.0,best known,True,0.0,295880.0,False,True,10.000989749969449,,,,,,,
L1 allocation (MKP),Chu-Beasley m=5 n=500,mknapcb3:5.500-21,dual-ratio greedy + 1-swap,307851.0,308077.0,best known,False,0.0007335828380567196,,False,True,0.00366695795673877,,,,,,,
L1 allocation (MKP),Chu-Beasley m=5 n=500,mknapcb3:5.500-21,Lagrangian (KP subproblem),307960.0,308077.0,best known,False,0.0003797751860736115,308152.0,False,True,6.801153417036403,,,308157.5968327139,5.596832713927142,,,
L1 allocation (MKP),Chu-Beasley m=5 n=500,mknapcb3:5.500-21,"MIP (highs, 10s)",308078.0,308077.0,best known,True,-3.2459417613129184e-06,308151.0,False,True,10.000805250019766,,,,,,,
L1 allocation (MKP),Chu-Beasley m=5 n=500,mknapcb3:5.500-22,dual-ratio greedy + 1-swap,299541.0,299796.0,best known,False,0.0008505783933074491,,False,True,0.005976041022222489,,,,,,,
L1 allocation (MKP),Chu-Beasley m=5 n=500,mknapcb3:5.500-22,Lagrangian (KP subproblem),299612.0,299796.0,best known,False,0.0006137506837983162,299872.0,False,True,6.512252750049811,,,299878.6350582244,6.635058224375825,,,
L1 allocation (MKP),Chu-Beasley m=5 n=500,mknapcb3:5.500-22,"MIP (highs, 10s)",299782.0,299796.0,best known,False,4.669842159335015e-05,299867.0,False,True,10.00047829200048,,,,,,,
L1 allocation (MKP),Chu-Beasley m=10 n=100,mknapcb4:10.100-00,dual-ratio greedy + 1-swap,22665.0,23064.0,best known,False,0.0172996878251821,,False,True,0.001486124994698912,,,,,,,
L1 allocation (MKP),Chu-Beasley m=10 n=100,mknapcb4:10.100-00,Lagrangian (KP subproblem),22860.0,23064.0,best known,False,0.008844953173777315,23476.0,False,True,0.07899370801169425,,,23480.63935167003,4.63935167003001,,,
L1 allocation (MKP),Chu-Beasley m=10 n=100,mknapcb4:10.100-00,"MIP (highs, 10s)",23050.0,23064.0,best known,False,0.0006070065903572668,23360.0,False,True,10.00110145797953,,,,,,,
L1 allocation (MKP),Chu-Beasley m=10 n=100,mknapcb4:10.100-01,dual-ratio greedy + 1-swap,22586.0,22801.0,best known,False,0.009429410990746019,,False,True,0.001050374994520098,,,,,,,
L1 allocation (MKP),Chu-Beasley m=10 n=100,mknapcb4:10.100-01,Lagrangian (KP subproblem),22586.0,22801.0,best known,False,0.009429410990746019,23210.0,False,True,0.0757654580520466,,,23220.685777067112,10.685777067112213,,,
L1 allocation (MKP),Chu-Beasley m=10 n=100,mknapcb4:10.100-01,"MIP (highs, 10s)",22750.0,22801.0,best known,False,0.0022367440024560325,23094.0,False,True,10.001107916992623,,,,,,,
L1 allocation (MKP),Chu-Beasley m=10 n=100,mknapcb4:10.100-02,dual-ratio greedy + 1-swap,21644.0,22131.0,best known,False,0.02200533188739777,,False,True,0.0014155409880913794,,,,,,,
L1 allocation (MKP),Chu-Beasley m=10 n=100,mknapcb4:10.100-02,Lagrangian (KP subproblem),21767.0,22131.0,best known,False,0.016447517057521125,22488.0,False,True,0.0771526669850573,,,22493.743573303043,5.743573303043377,,,
L1 allocation (MKP),Chu-Beasley m=10 n=100,mknapcb4:10.100-02,"MIP (highs, 10s)",22131.0,22131.0,best known,True,0.0,22330.0,False,True,10.001150250027422,,,,,,,
L1 allocation (MKP),Chu-Beasley m=10 n=100,mknapcb4:10.100-10,dual-ratio greedy + 1-swap,41109.0,41395.0,best known,False,0.006909046986351009,,False,True,0.0008697499870322645,,,,,,,
L1 allocation (MKP),Chu-Beasley m=10 n=100,mknapcb4:10.100-10,Lagrangian (KP subproblem),41147.0,41395.0,best known,False,0.005991061722430246,41709.0,False,True,0.14822466700570658,,,41712.63595906828,3.635959068276861,,,
L1 allocation (MKP),Chu-Beasley m=10 n=100,mknapcb4:10.100-10,"MIP (highs, 10s)",41331.0,41395.0,best known,False,0.0015460804444981278,41611.0,False,True,10.001418958010618,,,,,,,
L1 allocation (MKP),Chu-Beasley m=10 n=100,mknapcb4:10.100-11,dual-ratio greedy + 1-swap,42179.0,42344.0,best known,False,0.003896655960702815,,False,True,0.001073624996934086,,,,,,,
L1 allocation (MKP),Chu-Beasley m=10 n=100,mknapcb4:10.100-11,Lagrangian (KP subproblem),42179.0,42344.0,best known,False,0.003896655960702815,42577.0,False,True,0.17785391700454056,,,42597.31960443503,20.319604435033398,,,
L1 allocation (MKP),Chu-Beasley m=10 n=100,mknapcb4:10.100-11,"MIP (highs, 10s)",42344.0,42344.0,best known,True,0.0,42453.0,False,True,10.001227500033565,,,,,,,
L1 allocation (MKP),Chu-Beasley m=10 n=100,mknapcb4:10.100-12,dual-ratio greedy + 1-swap,42056.0,42401.0,best known,False,0.008136600551873777,,False,True,0.0009699580259621143,,,,,,,
L1 allocation (MKP),Chu-Beasley m=10 n=100,mknapcb4:10.100-12,Lagrangian (KP subproblem),42169.0,42401.0,best known,False,0.005471569066767293,42751.0,False,True,0.16689462499925867,,,42759.31860446572,8.318604465719545,,,
L1 allocation (MKP),Chu-Beasley m=10 n=100,mknapcb4:10.100-12,"MIP (highs, 10s)",42323.0,42401.0,best known,False,0.001839579255206245,42620.0,False,True,10.002154832996894,,,,,,,
L1 allocation (MKP),Chu-Beasley m=10 n=100,mknapcb4:10.100-20,dual-ratio greedy + 1-swap,56990.0,57375.0,best known,False,0.006710239651416122,,False,True,0.000893999997060746,,,,,,,
L1 allocation (MKP),Chu-Beasley m=10 n=100,mknapcb4:10.100-20,Lagrangian (KP subproblem),57375.0,57375.0,best known,True,0.0,57620.0,False,True,0.26362895796773955,,,57626.33432833865,6.334328338649357,,,
L1 allocation (MKP),Chu-Beasley m=10 n=100,mknapcb4:10.100-20,"MIP (highs, 10s)",57375.0,57375.0,best known,True,0.0,57375.0,True,True,2.180237584048882,,,,,,,
L1 allocation (MKP),Chu-Beasley m=10 n=100,mknapcb4:10.100-21,dual-ratio greedy + 1-swap,58556.0,58978.0,best known,False,0.007155210417443793,,False,True,0.0009814999648369849,,,,,,,
L1 allocation (MKP),Chu-Beasley m=10 n=100,mknapcb4:10.100-21,Lagrangian (KP subproblem),58739.0,58978.0,best known,False,0.004052358506561769,59265.0,False,True,0.26993033301550895,,,59268.56195858064,3.561958580641658,,,
L1 allocation (MKP),Chu-Beasley m=10 n=100,mknapcb4:10.100-21,"MIP (highs, 10s)",58978.0,58978.0,best known,True,0.0,59137.0,False,True,10.00203762500314,,,,,,,
L1 allocation (MKP),Chu-Beasley m=10 n=100,mknapcb4:10.100-22,dual-ratio greedy + 1-swap,58101.0,58391.0,best known,False,0.004966518812830744,,False,True,0.0005336249596439302,,,,,,,
L1 allocation (MKP),Chu-Beasley m=10 n=100,mknapcb4:10.100-22,Lagrangian (KP subproblem),58260.0,58391.0,best known,False,0.002243496429244233,58645.0,False,True,0.26387216697912663,,,58654.69243288565,9.692432885647577,,,
L1 allocation (MKP),Chu-Beasley m=10 n=100,mknapcb4:10.100-22,"MIP (highs, 10s)",58391.0,58391.0,best known,True,0.0,58527.0,False,True,10.000825084047392,,,,,,,
L1 allocation (MKP),Chu-Beasley m=10 n=250,mknapcb5:10.250-00,dual-ratio greedy + 1-swap,58588.0,59187.0,best known,False,0.01012046564279318,,False,True,0.002147833991330117,,,,,,,
L1 allocation (MKP),Chu-Beasley m=10 n=250,mknapcb5:10.250-00,Lagrangian (KP subproblem),58778.0,59187.0,best known,False,0.0069103012485849935,59485.0,False,True,0.3816149999620393,,,59489.33923705152,4.339237051521195,,,
L1 allocation (MKP),Chu-Beasley m=10 n=250,mknapcb5:10.250-00,"MIP (highs, 10s)",59127.0,59187.0,best known,False,0.001013736124486796,59465.0,False,True,10.000723291013855,,,,,,,
L1 allocation (MKP),Chu-Beasley m=10 n=250,mknapcb5:10.250-01,dual-ratio greedy + 1-swap,58337.0,58662.0,best known,False,0.0055402134260679825,,False,True,0.0030257919570431113,,,,,,,
L1 allocation (MKP),Chu-Beasley m=10 n=250,mknapcb5:10.250-01,Lagrangian (KP subproblem),58448.0,58662.0,best known,False,0.003648017455933995,59020.0,False,True,0.3483009579940699,,,59024.30161772981,4.301617729812278,,,
L1 allocation (MKP),Chu-Beasley m=10 n=250,mknapcb5:10.250-01,"MIP (highs, 10s)",58569.0,58662.0,best known,False,0.0015853533803825304,58994.0,False,True,10.0017695419956,,,,,,,
L1 allocation (MKP),Chu-Beasley m=10 n=250,mknapcb5:10.250-02,dual-ratio greedy + 1-swap,57802.0,58094.0,best known,False,0.0050263366268461455,,False,True,0.0024944159667938948,,,,,,,
L1 allocation (MKP),Chu-Beasley m=10 n=250,mknapcb5:10.250-02,Lagrangian (KP subproblem),57802.0,58094.0,best known,False,0.0050263366268461455,58410.0,False,True,0.30814258294412866,,,58413.15012782138,3.1501278213763726,,,
L1 allocation (MKP),Chu-Beasley m=10 n=250,mknapcb5:10.250-02,"MIP (highs, 10s)",58094.0,58094.0,best known,True,0.0,58378.0,False,True,10.00068158301292,,,,,,,
L1 allocation (MKP),Chu-Beasley m=10 n=250,mknapcb5:10.250-10,dual-ratio greedy + 1-swap,110531.0,110863.0,best known,False,0.0029946871363755265,,False,True,0.001582041964866221,,,,,,,
L1 allocation (MKP),Chu-Beasley m=10 n=250,mknapcb5:10.250-10,Lagrangian (KP subproblem),110531.0,110863.0,best known,False,0.0029946871363755265,111142.0,False,True,0.9307138330186717,,,111147.15300823655,5.153008236549795,,,
L1 allocation (MKP),Chu-Beasley m=10 n=250,mknapcb5:10.250-10,"MIP (highs, 10s)",110855.0,110863.0,best known,False,7.216113581627774e-05,111124.0,False,True,10.00074400001904,,,,,,,
L1 allocation (MKP),Chu-Beasley m=10 n=250,mknapcb5:10.250-11,dual-ratio greedy + 1-swap,108418.0,108659.0,best known,False,0.0022179478920291923,,False,True,0.001972917001694441,,,,,,,
L1 allocation (MKP),Chu-Beasley m=10 n=250,mknapcb5:10.250-11,Lagrangian (KP subproblem),108418.0,108659.0,best known,False,0.0022179478920291923,108945.0,False,True,0.9231370829511434,,,108947.61746566767,2.6174656676739687,,,
L1 allocation (MKP),Chu-Beasley m=10 n=250,mknapcb5:10.250-11,"MIP (highs, 10s)",108607.0,108659.0,best known,False,0.00047856137089426556,108929.0,False,True,10.001079041976482,,,,,,,
L1 allocation (MKP),Chu-Beasley m=10 n=250,mknapcb5:10.250-12,dual-ratio greedy + 1-swap,108378.0,108932.0,best known,False,0.005085741563544229,,False,True,0.0018022920121438801,,,,,,,
L1 allocation (MKP),Chu-Beasley m=10 n=250,mknapcb5:10.250-12,Lagrangian (KP subproblem),108585.0,108932.0,best known,False,0.003185473506407667,109208.0,False,True,0.810984792013187,,,109211.36647226819,3.366472268186044,,,
L1 allocation (MKP),Chu-Beasley m=10 n=250,mknapcb5:10.250-12,"MIP (highs, 10s)",108872.0,108932.0,best known,False,0.0005508023354019021,109189.0,False,True,10.000623625004664,,,,,,,
L1 allocation (MKP),Chu-Beasley m=10 n=250,mknapcb5:10.250-20,dual-ratio greedy + 1-swap,151477.0,151790.0,best known,False,0.002062059424204493,,False,True,0.004042292013764381,,,,,,,
L1 allocation (MKP),Chu-Beasley m=10 n=250,mknapcb5:10.250-20,Lagrangian (KP subproblem),151669.0,151790.0,best known,False,0.0007971539627116411,152027.0,False,True,1.647117457992863,,,152031.38662806037,4.386628060368821,,,
L1 allocation (MKP),Chu-Beasley m=10 n=250,mknapcb5:10.250-20,"MIP (highs, 10s)",151752.0,151790.0,best known,False,0.000250345872587127,152004.0,False,True,10.000674000009894,,,,,,,
L1 allocation (MKP),Chu-Beasley m=10 n=250,mknapcb5:10.250-21,dual-ratio greedy + 1-swap,148366.0,148772.0,best known,False,0.0027290081466942702,,False,True,0.0021889579948037863,,,,,,,
L1 allocation (MKP),Chu-Beasley m=10 n=250,mknapcb5:10.250-21,Lagrangian (KP subproblem),148584.0,148772.0,best known,False,0.0012636786492081842,149016.0,False,True,1.6103070419630967,,,149021.61649796562,5.6164979656168725,,,
L1 allocation (MKP),Chu-Beasley m=10 n=250,mknapcb5:10.250-21,"MIP (highs, 10s)",148772.0,148772.0,best known,True,0.0,148995.0,False,True,10.000671082991175,,,,,,,
L1 allocation (MKP),Chu-Beasley m=10 n=250,mknapcb5:10.250-22,dual-ratio greedy + 1-swap,151832.0,151900.0,best known,False,0.0004476629361421988,,False,True,0.0016213330090977252,,,,,,,
L1 allocation (MKP),Chu-Beasley m=10 n=250,mknapcb5:10.250-22,Lagrangian (KP subproblem),151832.0,151900.0,best known,False,0.0004476629361421988,152136.0,False,True,1.6162186250439845,,,152141.25986605234,5.259866052336292,,,
L1 allocation (MKP),Chu-Beasley m=10 n=250,mknapcb5:10.250-22,"MIP (highs, 10s)",151896.0,151900.0,best known,False,2.6333113890717576e-05,152102.0,False,True,10.000471832987387,,,,,,,
L1 allocation (MKP),Chu-Beasley m=10 n=500,mknapcb6:10.500-00,dual-ratio greedy + 1-swap,117138.0,117726.0,best known,False,0.0049946485907955765,,False,True,0.00624199997400865,,,,,,,
L1 allocation (MKP),Chu-Beasley m=10 n=500,mknapcb6:10.500-00,Lagrangian (KP subproblem),117206.0,117726.0,best known,False,0.004417036168730782,118017.0,False,True,1.2513110830332153,,,118019.47687628724,2.4768762872408843,,,
L1 allocation (MKP),Chu-Beasley m=10 n=500,mknapcb6:10.500-00,"MIP (highs, 10s)",117641.0,117726.0,best known,False,0.0007220155275809931,118013.0,False,True,10.001122916990425,,,,,,,
L1 allocation (MKP),Chu-Beasley m=10 n=500,mknapcb6:10.500-01,dual-ratio greedy + 1-swap,118820.0,119139.0,best known,False,0.00267754471667548,,False,True,0.008468874963000417,,,,,,,
L1 allocation (MKP),Chu-Beasley m=10 n=500,mknapcb6:10.500-01,Lagrangian (KP subproblem),118820.0,119139.0,best known,False,0.00267754471667548,119433.0,False,True,1.2475618330063298,,,119437.28754516548,4.287545165483607,,,
L1 allocation (MKP),Chu-Beasley m=10 n=500,mknapcb6:10.500-01,"MIP (highs, 10s)",119085.0,119139.0,best known,False,0.00045325208370055144,119430.0,False,True,10.001249250024557,,,,,,,
L1 allocation (MKP),Chu-Beasley m=10 n=500,mknapcb6:10.500-02,dual-ratio greedy + 1-swap,118736.0,119159.0,best known,False,0.0035498787334569777,,False,True,0.006583208043593913,,,,,,,
L1 allocation (MKP),Chu-Beasley m=10 n=500,mknapcb6:10.500-02,Lagrangian (KP subproblem),118827.0,119159.0,best known,False,0.002786193237606895,119402.0,False,True,1.23264508304419,,,119405.7000089351,3.7000089351058705,,,
L1 allocation (MKP),Chu-Beasley m=10 n=500,mknapcb6:10.500-02,"MIP (highs, 10s)",119108.0,119159.0,best known,False,0.0004279995636082881,119400.0,False,True,10.001251625013538,,,,,,,
L1 allocation (MKP),Chu-Beasley m=10 n=500,mknapcb6:10.500-10,dual-ratio greedy + 1-swap,216994.0,217318.0,best known,False,0.0014909027324013658,,False,True,0.009778082952834666,,,,,,,
L1 allocation (MKP),Chu-Beasley m=10 n=500,mknapcb6:10.500-10,Lagrangian (KP subproblem),217068.0,217318.0,best known,False,0.001150387910803523,217550.0,False,True,3.466785249998793,,,217552.91667010312,2.9166701031208504,,,
L1 allocation (MKP),Chu-Beasley m=10 n=500,mknapcb6:10.500-10,"MIP (highs, 10s)",217237.0,217318.0,best known,False,0.00037272568310034145,217546.0,False,True,10.001785375003237,,,,,,,
L1 allocation (MKP),Chu-Beasley m=10 n=500,mknapcb6:10.500-11,dual-ratio greedy + 1-swap,218671.0,219022.0,best known,False,0.0016025787363826464,,False,True,0.005813291994854808,,,,,,,
L1 allocation (MKP),Chu-Beasley m=10 n=500,mknapcb6:10.500-11,Lagrangian (KP subproblem),218671.0,219022.0,best known,False,0.0016025787363826464,219251.0,False,True,3.5712018749909475,,,219255.19173384545,4.191733845451381,,,
L1 allocation (MKP),Chu-Beasley m=10 n=500,mknapcb6:10.500-11,"MIP (highs, 10s)",218927.0,219022.0,best known,False,0.00043374638164202684,219248.0,False,True,10.001170041970909,,,,,,,
L1 allocation (MKP),Chu-Beasley m=10 n=500,mknapcb6:10.500-12,dual-ratio greedy + 1-swap,217435.0,217772.0,best known,False,0.00154749003544992,,False,True,0.005784375010989606,,,,,,,
L1 allocation (MKP),Chu-Beasley m=10 n=500,mknapcb6:10.500-12,Lagrangian (KP subproblem),217500.0,217772.0,best known,False,0.0012490127289091343,217985.0,False,True,3.3751867500250228,,,217987.78166335204,2.7816633520415053,,,
L1 allocation (MKP),Chu-Beasley m=10 n=500,mknapcb6:10.500-12,"MIP (highs, 10s)",217662.0,217772.0,best known,False,0.0005051154418382528,217983.0,False,True,10.001602832984645,,,,,,,
L1 allocation (MKP),Chu-Beasley m=10 n=500,mknapcb6:10.500-20,dual-ratio greedy + 1-swap,304203.0,304344.0,best known,False,0.0004632915385221986,,False,True,0.00419075001263991,,,,,,,
L1 allocation (MKP),Chu-Beasley m=10 n=500,mknapcb6:10.500-20,Lagrangian (KP subproblem),304214.0,304344.0,best known,False,0.00042714822700628234,304551.0,False,True,6.599001624970697,,,304555.03160732053,4.031607320532203,,,
L1 allocation (MKP),Chu-Beasley m=10 n=500,mknapcb6:10.500-20,"MIP (highs, 10s)",304294.0,304344.0,best known,False,0.00016428777961780092,304544.0,False,True,10.000854541023728,,,,,,,
L1 allocation (MKP),Chu-Beasley m=10 n=500,mknapcb6:10.500-21,dual-ratio greedy + 1-swap,301962.0,302332.0,best known,False,0.001223820171202519,,False,True,0.003717958985362202,,,,,,,
L1 allocation (MKP),Chu-Beasley m=10 n=500,mknapcb6:10.500-21,Lagrangian (KP subproblem),302026.0,302332.0,best known,False,0.0010121323578053266,302552.0,False,True,6.568058917007875,,,302552.9692943243,0.9692943242844194,,,
L1 allocation (MKP),Chu-Beasley m=10 n=500,mknapcb6:10.500-21,"MIP (highs, 10s)",302311.0,302332.0,best known,False,6.946006377095378e-05,302546.0,False,True,10.001938665984198,,,,,,,
L1 allocation (MKP),Chu-Beasley m=10 n=500,mknapcb6:10.500-22,dual-ratio greedy + 1-swap,302136.0,302354.0,best known,False,0.0007210091482169907,,False,True,0.0038554160273633897,,,,,,,
L1 allocation (MKP),Chu-Beasley m=10 n=500,mknapcb6:10.500-22,Lagrangian (KP subproblem),302136.0,302354.0,best known,False,0.0007210091482169907,302577.0,False,True,6.73889295902336,,,302581.5437696377,4.543769637704827,,,
L1 allocation (MKP),Chu-Beasley m=10 n=500,mknapcb6:10.500-22,"MIP (highs, 10s)",302315.0,302354.0,best known,False,0.00012898787513973686,302574.0,False,True,10.001201166014653,,,,,,,
L1 allocation (MKP),Chu-Beasley m=30 n=100,mknapcb7:30.100-00,dual-ratio greedy + 1-swap,21122.0,21946.0,best known,False,0.03754670554998633,,False,True,0.001570124994032085,,,,,,,
L1 allocation (MKP),Chu-Beasley m=30 n=100,mknapcb7:30.100-00,Lagrangian (KP subproblem),21571.0,21946.0,best known,False,0.017087396336462224,22579.0,False,True,0.06777754198992625,,,22579.069211508253,0.06921150825291988,,,
L1 allocation (MKP),Chu-Beasley m=30 n=100,mknapcb7:30.100-00,"MIP (highs, 10s)",21946.0,21946.0,best known,True,0.0,22394.0,False,True,10.000516208005138,,,,,,,
L1 allocation (MKP),Chu-Beasley m=30 n=100,mknapcb7:30.100-01,dual-ratio greedy + 1-swap,21210.0,21716.0,best known,False,0.023300792042733467,,False,True,0.0011165000032633543,,,,,,,
L1 allocation (MKP),Chu-Beasley m=30 n=100,mknapcb7:30.100-01,Lagrangian (KP subproblem),21356.0,21716.0,best known,False,0.016577638607478358,22367.0,False,True,0.07047712500207126,,,22367.844631374635,0.8446313746353553,,,
L1 allocation (MKP),Chu-Beasley m=30 n=100,mknapcb7:30.100-01,"MIP (highs, 10s)",21592.0,21716.0,best known,False,0.005710075520353656,22259.0,False,True,10.000801291957032,,,,,,,
L1 allocation (MKP),Chu-Beasley m=30 n=100,mknapcb7:30.100-02,dual-ratio greedy + 1-swap,19636.0,20754.0,best known,False,0.05386913366098101,,False,True,0.0019746250472962856,,,,,,,
L1 allocation (MKP),Chu-Beasley m=30 n=100,mknapcb7:30.100-02,Lagrangian (KP subproblem),20411.0,20754.0,best known,False,0.01652693456683049,21270.0,False,True,0.07321270799729973,,,21270.501365288983,0.5013652889829245,,,
L1 allocation (MKP),Chu-Beasley m=30 n=100,mknapcb7:30.100-02,"MIP (highs, 10s)",20754.0,20754.0,best known,True,0.0,21169.0,False,True,10.000469374994282,,,,,,,
L1 allocation (MKP),Chu-Beasley m=30 n=100,mknapcb7:30.100-10,dual-ratio greedy + 1-swap,40204.0,40767.0,best known,False,0.0138101896141487,,False,True,0.0013240419793874025,,,,,,,
L1 allocation (MKP),Chu-Beasley m=30 n=100,mknapcb7:30.100-10,Lagrangian (KP subproblem),40343.0,40767.0,best known,False,0.010400569087742537,41276.0,False,True,0.16262541600735858,,,41276.362341676344,0.3623416763439309,,,
L1 allocation (MKP),Chu-Beasley m=30 n=100,mknapcb7:30.100-10,"MIP (highs, 10s)",40691.0,40767.0,best known,False,0.0018642529496897,41198.0,False,True,10.000639499980025,,,,,,,
L1 allocation (MKP),Chu-Beasley m=30 n=100,mknapcb7:30.100-11,dual-ratio greedy + 1-swap,40956.0,41304.0,best known,False,0.0084253341080767,,False,True,0.0010517080081626773,,,,,,,
L1 allocation (MKP),Chu-Beasley m=30 n=100,mknapcb7:30.100-11,Lagrangian (KP subproblem),41217.0,41304.0,best known,False,0.002106333527019175,41866.0,False,True,0.17129374999785796,,,41866.73365887634,0.7336588763428153,,,
L1 allocation (MKP),Chu-Beasley m=30 n=100,mknapcb7:30.100-11,"MIP (highs, 10s)",41272.0,41304.0,best known,False,0.0007747433662599264,41780.0,False,True,10.005675000022165,,,,,,,
L1 allocation (MKP),Chu-Beasley m=30 n=100,mknapcb7:30.100-12,dual-ratio greedy + 1-swap,40817.0,41560.0,best known,False,0.01787776708373436,,False,True,0.0018178329919464886,,,,,,,
L1 allocation (MKP),Chu-Beasley m=30 n=100,mknapcb7:30.100-12,Lagrangian (KP subproblem),41273.0,41560.0,best known,False,0.006905678537054861,42232.0,False,True,0.14501462498446926,,,42232.96063982166,0.960639821656514,,,
L1 allocation (MKP),Chu-Beasley m=30 n=100,mknapcb7:30.100-12,"MIP (highs, 10s)",41545.0,41560.0,best known,False,0.0003609239653512993,42111.0,False,True,10.000473374966532,,,,,,,
L1 allocation (MKP),Chu-Beasley m=30 n=100,mknapcb7:30.100-20,dual-ratio greedy + 1-swap,57323.0,57494.0,best known,False,0.002974223397224058,,False,True,0.0007937090122140944,,,,,,,
L1 allocation (MKP),Chu-Beasley m=30 n=100,mknapcb7:30.100-20,Lagrangian (KP subproblem),57323.0,57494.0,best known,False,0.002974223397224058,57987.0,False,True,0.28156395797850564,,,57987.77107201656,0.7710720165632665,,,
L1 allocation (MKP),Chu-Beasley m=30 n=100,mknapcb7:30.100-20,"MIP (highs, 10s)",57404.0,57494.0,best known,False,0.0015653807353810832,57852.0,False,True,10.00045820797095,,,,,,,
L1 allocation (MKP),Chu-Beasley m=30 n=100,mknapcb7:30.100-21,dual-ratio greedy + 1-swap,59668.0,60027.0,best known,False,0.0059806420444133476,,False,True,0.0006122919730842113,,,,,,,
L1 allocation (MKP),Chu-Beasley m=30 n=100,mknapcb7:30.100-21,Lagrangian (KP subproblem),59815.0,60027.0,best known,False,0.0035317440485115033,60486.0,False,True,0.2635471249814145,,,60486.82486893296,0.8248689329629997,,,
L1 allocation (MKP),Chu-Beasley m=30 n=100,mknapcb7:30.100-21,"MIP (highs, 10s)",59986.0,60027.0,best known,False,0.0006830259716460926,60385.0,False,True,10.000601415988058,,,,,,,
L1 allocation (MKP),Chu-Beasley m=30 n=100,mknapcb7:30.100-22,dual-ratio greedy + 1-swap,57514.0,58025.0,best known,False,0.008806548901335632,,False,True,0.0007634999928995967,,,,,,,
L1 allocation (MKP),Chu-Beasley m=30 n=100,mknapcb7:30.100-22,Lagrangian (KP subproblem),57831.0,58025.0,best known,False,0.003343386471348557,58541.0,False,True,0.2793192499666475,,,58541.843040527856,0.8430405278559192,,,
L1 allocation (MKP),Chu-Beasley m=30 n=100,mknapcb7:30.100-22,"MIP (highs, 10s)",57992.0,58025.0,best known,False,0.0005687203791469195,58451.0,False,True,10.001219582976773,,,,,,,
L1 allocation (MKP),Chu-Beasley m=30 n=250,mknapcb8:30.250-00,dual-ratio greedy + 1-swap,56033.0,56693.0,best known,False,0.01164164888081421,,False,True,0.0046992910210974514,,,,,,,
L1 allocation (MKP),Chu-Beasley m=30 n=250,mknapcb8:30.250-00,Lagrangian (KP subproblem),56406.0,56693.0,best known,False,0.005062353376960119,57430.0,False,True,0.3936343750101514,,,57430.14805571261,0.14805571261240402,,,
L1 allocation (MKP),Chu-Beasley m=30 n=250,mknapcb8:30.250-00,"MIP (highs, 10s)",56595.0,56693.0,best known,False,0.001728608470181504,57373.0,False,True,10.001581291027833,,,,,,,
L1 allocation (MKP),Chu-Beasley m=30 n=250,mknapcb8:30.250-01,dual-ratio greedy + 1-swap,57992.0,58318.0,best known,False,0.005590040810727392,,False,True,0.001809916051570326,,,,,,,
L1 allocation (MKP),Chu-Beasley m=30 n=250,mknapcb8:30.250-01,Lagrangian (KP subproblem),58018.0,58318.0,best known,False,0.005144209335025207,59080.0,False,True,0.30642487498698756,,,59080.03135527812,0.03135527812264627,,,
L1 allocation (MKP),Chu-Beasley m=30 n=250,mknapcb8:30.250-01,"MIP (highs, 10s)",58337.0,58318.0,best known,True,-0.0003257999245515964,59024.0,False,True,10.000590541982092,,,,,,,
L1 allocation (MKP),Chu-Beasley m=30 n=250,mknapcb8:30.250-02,dual-ratio greedy + 1-swap,55981.0,56553.0,best known,False,0.010114405955475395,,False,True,0.005999249988235533,,,,,,,
L1 allocation (MKP),Chu-Beasley m=30 n=250,mknapcb8:30.250-02,Lagrangian (KP subproblem),55995.0,56553.0,best known,False,0.009866850564956767,57176.0,False,True,0.31005724996794015,,,57176.74116901972,0.7411690197186545,,,
L1 allocation (MKP),Chu-Beasley m=30 n=250,mknapcb8:30.250-02,"MIP (highs, 10s)",56553.0,56553.0,best known,True,0.0,57140.0,False,True,10.000453499960713,,,,,,,
L1 allocation (MKP),Chu-Beasley m=30 n=250,mknapcb8:30.250-10,dual-ratio greedy + 1-swap,107074.0,107689.0,best known,False,0.005710889691611956,,False,True,0.004512083018198609,,,,,,,
L1 allocation (MKP),Chu-Beasley m=30 n=250,mknapcb8:30.250-10,Lagrangian (KP subproblem),107414.0,107689.0,best known,False,0.0025536498621029076,108258.0,False,True,0.8456123329815455,,,108258.06938620922,0.06938620921573602,,,
L1 allocation (MKP),Chu-Beasley m=30 n=250,mknapcb8:30.250-10,"MIP (highs, 10s)",107689.0,107689.0,best known,True,0.0,108215.0,False,True,10.000725124962628,,,,,,,
L1 allocation (MKP),Chu-Beasley m=30 n=250,mknapcb8:30.250-11,dual-ratio greedy + 1-swap,107505.0,108338.0,best known,False,0.007688899555096088,,False,True,0.004955707991030067,,,,,,,
L1 allocation (MKP),Chu-Beasley m=30 n=250,mknapcb8:30.250-11,Lagrangian (KP subproblem),107889.0,108338.0,best known,False,0.004144436855027783,108899.0,False,True,0.7835595419746824,,,108899.80003137806,0.8000313780648867,,,
L1 allocation (MKP),Chu-Beasley m=30 n=250,mknapcb8:30.250-11,"MIP (highs, 10s)",108335.0,108338.0,best known,False,2.7691114844283632e-05,108859.0,False,True,10.000499874993693,,,,,,,
L1 allocation (MKP),Chu-Beasley m=30 n=250,mknapcb8:30.250-12,dual-ratio greedy + 1-swap,105356.0,106385.0,best known,False,0.009672416224091743,,False,True,0.0023837920161895454,,,,,,,
L1 allocation (MKP),Chu-Beasley m=30 n=250,mknapcb8:30.250-12,Lagrangian (KP subproblem),106233.0,106385.0,best known,False,0.001428772853315787,106905.0,False,True,0.8979138750000857,,,106905.71505232874,0.7150523287418764,,,
L1 allocation (MKP),Chu-Beasley m=30 n=250,mknapcb8:30.250-12,"MIP (highs, 10s)",106373.0,106385.0,best known,False,0.00011279785684072002,106870.0,False,True,10.000672707974445,,,,,,,
L1 allocation (MKP),Chu-Beasley m=30 n=250,mknapcb8:30.250-20,dual-ratio greedy + 1-swap,149587.0,150083.0,best known,False,0.0033048379896457292,,False,True,0.0031713329954072833,,,,,,,
L1 allocation (MKP),Chu-Beasley m=30 n=250,mknapcb8:30.250-20,Lagrangian (KP subproblem),149750.0,150083.0,best known,False,0.002218772279338766,150574.0,False,True,1.5538909169845283,,,150574.31758682485,0.31758682485087775,,,
L1 allocation (MKP),Chu-Beasley m=30 n=250,mknapcb8:30.250-20,"MIP (highs, 10s)",150078.0,150083.0,best known,False,3.331489908917066e-05,150544.0,False,True,10.000834167003632,,,,,,,
L1 allocation (MKP),Chu-Beasley m=30 n=250,mknapcb8:30.250-21,dual-ratio greedy + 1-swap,149414.0,149907.0,best known,False,0.0032887056641784573,,False,True,0.004019208950921893,,,,,,,
L1 allocation (MKP),Chu-Beasley m=30 n=250,mknapcb8:30.250-21,Lagrangian (KP subproblem),149585.0,149907.0,best known,False,0.0021479984256905947,150341.0,False,True,1.5892258340027183,,,150341.49610516,0.4961051600112114,,,
L1 allocation (MKP),Chu-Beasley m=30 n=250,mknapcb8:30.250-21,"MIP (highs, 10s)",149907.0,149907.0,best known,True,0.0,150316.0,False,True,10.002385750005487,,,,,,,
L1 allocation (MKP),Chu-Beasley m=30 n=250,mknapcb8:30.250-22,dual-ratio greedy + 1-swap,152311.0,152993.0,best known,False,0.0044577202878563075,,False,True,0.001910042017698288,,,,,,,
L1 allocation (MKP),Chu-Beasley m=30 n=250,mknapcb8:30.250-22,Lagrangian (KP subproblem),152606.0,152993.0,best known,False,0.0025295274947219806,153434.0,False,True,1.5303143339697272,,,153434.28875822696,0.2887582269613631,,,
L1 allocation (MKP),Chu-Beasley m=30 n=250,mknapcb8:30.250-22,"MIP (highs, 10s)",152919.0,152993.0,best known,False,0.0004836822599726785,153389.0,False,True,10.000541499990504,,,,,,,
L1 allocation (MKP),Chu-Beasley m=30 n=500,mknapcb9:30.500-00,dual-ratio greedy + 1-swap,114216.0,115868.0,best known,False,0.014257603479821867,,False,True,0.014932624995708466,,,,,,,
L1 allocation (MKP),Chu-Beasley m=30 n=500,mknapcb9:30.500-00,Lagrangian (KP subproblem),115588.0,115868.0,best known,False,0.002416542962681672,116619.0,False,True,1.0310442079789937,,,116619.00811795983,0.008117959834635258,,,
L1 allocation (MKP),Chu-Beasley m=30 n=500,mknapcb9:30.500-00,"MIP (highs, 10s)",115744.0,115868.0,best known,False,0.0010701833120447405,116605.0,False,True,10.001600000017788,,,,,,,
L1 allocation (MKP),Chu-Beasley m=30 n=500,mknapcb9:30.500-01,dual-ratio greedy + 1-swap,114017.0,114667.0,best known,False,0.0056685881727088,,False,True,0.010359332954976708,,,,,,,
L1 allocation (MKP),Chu-Beasley m=30 n=500,mknapcb9:30.500-01,Lagrangian (KP subproblem),114217.0,114667.0,best known,False,0.003924407196490708,115370.0,False,True,0.9763146250043064,,,115370.13003089093,0.1300308909267187,,,
L1 allocation (MKP),Chu-Beasley m=30 n=500,mknapcb9:30.500-01,"MIP (highs, 10s)",114556.0,114667.0,best known,False,0.0009680204418010413,115354.0,False,True,10.001465125009418,,,,,,,
L1 allocation (MKP),Chu-Beasley m=30 n=500,mknapcb9:30.500-02,dual-ratio greedy + 1-swap,115544.0,116661.0,best known,False,0.009574750773609003,,False,True,0.016009208047762513,,,,,,,
L1 allocation (MKP),Chu-Beasley m=30 n=500,mknapcb9:30.500-02,Lagrangian (KP subproblem),116397.0,116661.0,best known,False,0.0022629670583999796,117342.0,False,True,1.032702834054362,,,117342.45145953346,0.4514595334621845,,,
L1 allocation (MKP),Chu-Beasley m=30 n=500,mknapcb9:30.500-02,"MIP (highs, 10s)",116442.0,116661.0,best known,False,0.0018772340370818011,117328.0,False,True,10.001150415977463,,,,,,,
L1 allocation (MKP),Chu-Beasley m=30 n=500,mknapcb9:30.500-10,dual-ratio greedy + 1-swap,217256.0,217995.0,best known,False,0.003389986008853414,,False,True,0.00750366598367691,,,,,,,
L1 allocation (MKP),Chu-Beasley m=30 n=500,mknapcb9:30.500-10,Lagrangian (KP subproblem),217649.0,217995.0,best known,False,0.0015871923667974035,218601.0,False,True,2.781032499973662,,,218601.5212393216,0.5212393215915654,,,
L1 allocation (MKP),Chu-Beasley m=30 n=500,mknapcb9:30.500-10,"MIP (highs, 10s)",217977.0,217995.0,best known,False,8.25707011628707e-05,218583.0,False,True,10.001218290999532,,,,,,,
L1 allocation (MKP),Chu-Beasley m=30 n=500,mknapcb9:30.500-11,dual-ratio greedy + 1-swap,213675.0,214534.0,best known,False,0.00400402733366273,,False,True,0.013073500012978911,,,,,,,
L1 allocation (MKP),Chu-Beasley m=30 n=500,mknapcb9:30.500-11,Lagrangian (KP subproblem),214193.0,214534.0,best known,False,0.0015894916423503966,215074.0,False,True,3.023079290986061,,,215074.71096108772,0.7109610877232626,,,
L1 allocation (MKP),Chu-Beasley m=30 n=500,mknapcb9:30.500-11,"MIP (highs, 10s)",214433.0,214534.0,best known,False,0.00047078784714777144,215060.0,False,True,10.000976957962848,,,,,,,
L1 allocation (MKP),Chu-Beasley m=30 n=500,mknapcb9:30.500-12,dual-ratio greedy + 1-swap,215250.0,215854.0,best known,False,0.0027981876638839215,,False,True,0.012414333992637694,,,,,,,
L1 allocation (MKP),Chu-Beasley m=30 n=500,mknapcb9:30.500-12,Lagrangian (KP subproblem),215337.0,215854.0,best known,False,0.0023951374540198468,216401.0,False,True,3.095401042024605,,,216401.0654637873,0.06546378729399294,,,
L1 allocation (MKP),Chu-Beasley m=30 n=500,mknapcb9:30.500-12,"MIP (highs, 10s)",215831.0,215854.0,best known,False,0.00010655350375716919,216391.0,False,True,10.001100375025999,,,,,,,
L1 allocation (MKP),Chu-Beasley m=30 n=500,mknapcb9:30.500-20,dual-ratio greedy + 1-swap,300888.0,301627.0,best known,False,0.0024500459176399992,,False,True,0.016686250048223883,,,,,,,
L1 allocation (MKP),Chu-Beasley m=30 n=500,mknapcb9:30.500-20,Lagrangian (KP subproblem),301374.0,301627.0,best known,False,0.0008387843263368333,302038.0,False,True,6.193127833015751,,,302038.757687375,0.7576873750076629,,,
L1 allocation (MKP),Chu-Beasley m=30 n=500,mknapcb9:30.500-20,"MIP (highs, 10s)",301487.0,301627.0,best known,False,0.00046414942959350456,302031.0,False,True,10.001027083024383,,,,,,,
L1 allocation (MKP),Chu-Beasley m=30 n=500,mknapcb9:30.500-21,dual-ratio greedy + 1-swap,298985.0,299985.0,best known,False,0.00333350000833375,,False,True,0.011944583035074174,,,,,,,
L1 allocation (MKP),Chu-Beasley m=30 n=500,mknapcb9:30.500-21,Lagrangian (KP subproblem),299751.0,299985.0,best known,False,0.0007800390019500975,300454.0,False,True,5.738400792004541,,,300454.9958954511,0.9958954511093907,,,
L1 allocation (MKP),Chu-Beasley m=30 n=500,mknapcb9:30.500-21,"MIP (highs, 10s)",299834.0,299985.0,best known,False,0.0005033585012583962,300438.0,False,True,10.00144270900637,,,,,,,
L1 allocation (MKP),Chu-Beasley m=30 n=500,mknapcb9:30.500-22,dual-ratio greedy + 1-swap,304248.0,304995.0,best known,False,0.0024492204790242463,,False,True,0.010765082959551364,,,,,,,
L1 allocation (MKP),Chu-Beasley m=30 n=500,mknapcb9:30.500-22,Lagrangian (KP subproblem),304721.0,304995.0,best known,False,0.0008983753832030034,305501.0,False,True,6.212056667020079,,,305501.2079605913,0.2079605913022533,,,
L1 allocation (MKP),Chu-Beasley m=30 n=500,mknapcb9:30.500-22,"MIP (highs, 10s)",304942.0,304995.0,best known,False,0.00017377334054656635,305476.0,False,True,10.001018249953631,,,,,,,
L2 matching (GAP),OR-Library gap1-12,gap1:5x15-1,"MIP (highs, 20s)",336.0,336.0,published optimum,True,0.0,336.0,True,True,0.010050124954432249,,,,,,,
L2 matching (GAP),OR-Library gap1-12,gap1:5x15-1,Lagrangian (KP per agent),336.0,336.0,published optimum,True,0.0,337.0,False,True,0.042618124978616834,,,,,,,
L2 matching (GAP),OR-Library gap1-12,gap1:5x15-1,regret greedy + local search,331.0,336.0,published optimum,False,0.01488095238095238,,False,True,0.0005872500478290021,,,,,,,
L2 matching (GAP),OR-Library gap1-12,gap1:5x15-2,"MIP (highs, 20s)",327.0,327.0,published optimum,True,0.0,327.0000000000002,True,True,0.011241499974858016,,,,,,,
L2 matching (GAP),OR-Library gap1-12,gap1:5x15-2,Lagrangian (KP per agent),327.0,327.0,published optimum,True,0.0,327.0,True,True,0.004809374979231507,,,,,,,
L2 matching (GAP),OR-Library gap1-12,gap1:5x15-2,regret greedy + local search,,327.0,published optimum,False,,,False,False,0.0003322080010548234,,,,,,,
L2 matching (GAP),OR-Library gap1-12,gap1:5x15-3,"MIP (highs, 20s)",339.0,339.0,published optimum,True,0.0,339.0,True,True,0.01855999999679625,,,,,,,
L2 matching (GAP),OR-Library gap1-12,gap1:5x15-3,Lagrangian (KP per agent),339.0,339.0,published optimum,True,0.0,339.0,True,True,0.004875709011685103,,,,,,,
L2 matching (GAP),OR-Library gap1-12,gap1:5x15-3,regret greedy + local search,,339.0,published optimum,False,,,False,False,0.00029574998188763857,,,,,,,
L2 matching (GAP),OR-Library gap1-12,gap1:5x15-4,"MIP (highs, 20s)",341.0,341.0,published optimum,True,0.0,341.0,True,True,0.01328850002028048,,,,,,,
L2 matching (GAP),OR-Library gap1-12,gap1:5x15-4,Lagrangian (KP per agent),341.0,341.0,published optimum,True,0.0,341.0,True,True,0.00456441700225696,,,,,,,
L2 matching (GAP),OR-Library gap1-12,gap1:5x15-4,regret greedy + local search,,341.0,published optimum,False,,,False,False,0.0003282079705968499,,,,,,,
L2 matching (GAP),OR-Library gap1-12,gap1:5x15-5,"MIP (highs, 20s)",326.0,326.0,published optimum,True,0.0,326.0,True,True,0.03709195903502405,,,,,,,
L2 matching (GAP),OR-Library gap1-12,gap1:5x15-5,Lagrangian (KP per agent),326.0,326.0,published optimum,True,0.0,327.0,False,True,0.04103754099924117,,,,,,,
L2 matching (GAP),OR-Library gap1-12,gap1:5x15-5,regret greedy + local search,,326.0,published optimum,False,,,False,False,0.00032258295686915517,,,,,,,
L2 matching (GAP),OR-Library gap1-12,gap2:5x20-1,"MIP (highs, 20s)",434.0,434.0,published optimum,True,0.0,434.0,True,True,0.034004416957031935,,,,,,,
L2 matching (GAP),OR-Library gap1-12,gap2:5x20-1,Lagrangian (KP per agent),434.0,434.0,published optimum,True,0.0,435.0,False,True,0.07715137500781566,,,,,,,
L2 matching (GAP),OR-Library gap1-12,gap2:5x20-1,regret greedy + local search,,434.0,published optimum,False,,,False,False,0.0004967499990016222,,,,,,,
L2 matching (GAP),OR-Library gap1-12,gap2:5x20-2,"MIP (highs, 20s)",436.0,436.0,published optimum,True,0.0,436.00000000000017,True,True,0.046212124987505376,,,,,,,
L2 matching (GAP),OR-Library gap1-12,gap2:5x20-2,Lagrangian (KP per agent),436.0,436.0,published optimum,True,0.0,436.0,True,True,0.011902624974027276,,,,,,,
L2 matching (GAP),OR-Library gap1-12,gap2:5x20-2,regret greedy + local search,,436.0,published optimum,False,,,False,False,0.0005370419821701944,,,,,,,
L2 matching (GAP),OR-Library gap1-12,gap2:5x20-3,"MIP (highs, 20s)",420.0,420.0,published optimum,True,0.0,420.0,True,True,0.014405750029254705,,,,,,,
L2 matching (GAP),OR-Library gap1-12,gap2:5x20-3,Lagrangian (KP per agent),420.0,420.0,published optimum,True,0.0,420.0,True,True,0.02195858402410522,,,,,,,
L2 matching (GAP),OR-Library gap1-12,gap2:5x20-3,regret greedy + local search,,420.0,published optimum,False,,,False,False,0.0005471250042319298,,,,,,,
L2 matching (GAP),OR-Library gap1-12,gap2:5x20-4,"MIP (highs, 20s)",419.0,419.0,published optimum,True,0.0,419.0000000000013,True,True,0.041996542015112936,,,,,,,
L2 matching (GAP),OR-Library gap1-12,gap2:5x20-4,Lagrangian (KP per agent),419.0,419.0,published optimum,True,0.0,419.0,True,True,0.011532625008840114,,,,,,,
L2 matching (GAP),OR-Library gap1-12,gap2:5x20-4,regret greedy + local search,,419.0,published optimum,False,,,False,False,0.0005961249698884785,,,,,,,
L2 matching (GAP),OR-Library gap1-12,gap2:5x20-5,"MIP (highs, 20s)",428.0,428.0,published optimum,True,0.0,428.0,True,True,0.013768167002126575,,,,,,,
L2 matching (GAP),OR-Library gap1-12,gap2:5x20-5,Lagrangian (KP per agent),428.0,428.0,published optimum,True,0.0,428.0,True,True,0.0052013330277986825,,,,,,,
L2 matching (GAP),OR-Library gap1-12,gap2:5x20-5,regret greedy + local search,420.0,428.0,published optimum,False,0.018691588785046728,,False,True,0.0006227080011740327,,,,,,,
L2 matching (GAP),OR-Library gap1-12,gap3:5x25-1,"MIP (highs, 20s)",580.0,580.0,published optimum,True,0.0,580.0,True,True,0.04136362503049895,,,,,,,
L2 matching (GAP),OR-Library gap1-12,gap3:5x25-1,Lagrangian (KP per agent),580.0,580.0,published optimum,True,0.0,580.0,True,True,0.012299583991989493,,,,,,,
L2 matching (GAP),OR-Library gap1-12,gap3:5x25-1,regret greedy + local search,,580.0,published optimum,False,,,False,False,0.0007703750161454082,,,,,,,
L2 matching (GAP),OR-Library gap1-12,gap3:5x25-2,"MIP (highs, 20s)",564.0,564.0,published optimum,True,0.0,564.0,True,True,0.013600250007584691,,,,,,,
L2 matching (GAP),OR-Library gap1-12,gap3:5x25-2,Lagrangian (KP per agent),564.0,564.0,published optimum,True,0.0,564.0,True,True,0.006112625007517636,,,,,,,
L2 matching (GAP),OR-Library gap1-12,gap3:5x25-2,regret greedy + local search,,564.0,published optimum,False,,,False,False,0.0008476250222884119,,,,,,,
L2 matching (GAP),OR-Library gap1-12,gap3:5x25-3,"MIP (highs, 20s)",573.0,573.0,published optimum,True,0.0,573.0,True,True,0.019241124973632395,,,,,,,
L2 matching (GAP),OR-Library gap1-12,gap3:5x25-3,Lagrangian (KP per agent),573.0,573.0,published optimum,True,0.0,573.0,True,True,0.022293916961643845,,,,,,,
L2 matching (GAP),OR-Library gap1-12,gap3:5x25-3,regret greedy + local search,,573.0,published optimum,False,,,False,False,0.000743041979148984,,,,,,,
L2 matching (GAP),OR-Library gap1-12,gap3:5x25-4,"MIP (highs, 20s)",570.0,570.0,published optimum,True,0.0,570.0,True,True,0.019537582993507385,,,,,,,
L2 matching (GAP),OR-Library gap1-12,gap3:5x25-4,Lagrangian (KP per agent),570.0,570.0,published optimum,True,0.0,570.0,True,True,0.008781917043961585,,,,,,,
L2 matching (GAP),OR-Library gap1-12,gap3:5x25-4,regret greedy + local search,565.0,570.0,published optimum,False,0.008771929824561403,,False,True,0.0012322909897193313,,,,,,,
L2 matching (GAP),OR-Library gap1-12,gap3:5x25-5,"MIP (highs, 20s)",564.0,564.0,published optimum,True,0.0,564.0,True,True,0.05026558297686279,,,,,,,
L2 matching (GAP),OR-Library gap1-12,gap3:5x25-5,Lagrangian (KP per agent),564.0,564.0,published optimum,True,0.0,564.0,True,True,0.030673208006192,,,,,,,
L2 matching (GAP),OR-Library gap1-12,gap3:5x25-5,regret greedy + local search,560.0,564.0,published optimum,False,0.0070921985815602835,,False,True,0.0011591250076889992,,,,,,,
L2 matching (GAP),OR-Library gap1-12,gap4:5x30-1,"MIP (highs, 20s)",656.0,656.0,published optimum,True,0.0,656.0,True,True,0.06968004198279232,,,,,,,
L2 matching (GAP),OR-Library gap1-12,gap4:5x30-1,Lagrangian (KP per agent),656.0,656.0,published optimum,True,0.0,656.0,True,True,0.039883583958726376,,,,,,,
L2 matching (GAP),OR-Library gap1-12,gap4:5x30-1,regret greedy + local search,,656.0,published optimum,False,,,False,False,0.0012046659830957651,,,,,,,
L2 matching (GAP),OR-Library gap1-12,gap4:5x30-2,"MIP (highs, 20s)",644.0,644.0,published optimum,True,0.0,643.9999999999961,True,True,0.204879124998115,,,,,,,
L2 matching (GAP),OR-Library gap1-12,gap4:5x30-2,Lagrangian (KP per agent),644.0,644.0,published optimum,True,0.0,646.0,False,True,0.11876566702267155,,,,,,,
L2 matching (GAP),OR-Library gap1-12,gap4:5x30-2,regret greedy + local search,,644.0,published optimum,False,,,False,False,0.0010502079967409372,,,,,,,
L2 matching (GAP),OR-Library gap1-12,gap4:5x30-3,"MIP (highs, 20s)",673.0,673.0,published optimum,True,0.0,673.0,True,True,0.1251791249960661,,,,,,,
L2 matching (GAP),OR-Library gap1-12,gap4:5x30-3,Lagrangian (KP per agent),673.0,673.0,published optimum,True,0.0,674.0,False,True,0.09382670902414247,,,,,,,
L2 matching (GAP),OR-Library gap1-12,gap4:5x30-3,regret greedy + local search,,673.0,published optimum,False,,,False,False,0.0011242909822613,,,,,,,
L2 matching (GAP),OR-Library gap1-12,gap4:5x30-4,"MIP (highs, 20s)",647.0,647.0,published optimum,True,0.0,647.0,True,True,0.06301833299221471,,,,,,,
L2 matching (GAP),OR-Library gap1-12,gap4:5x30-4,Lagrangian (KP per agent),647.0,647.0,published optimum,True,0.0,647.0,True,True,0.02546687499852851,,,,,,,
L2 matching (GAP),OR-Library gap1-12,gap4:5x30-4,regret greedy + local search,,647.0,published optimum,False,,,False,False,0.001009165949653834,,,,,,,
L2 matching (GAP),OR-Library gap1-12,gap4:5x30-5,"MIP (highs, 20s)",664.0,664.0,published optimum,True,0.0,664.0000000000001,True,True,0.025270790967624635,,,,,,,
L2 matching (GAP),OR-Library gap1-12,gap4:5x30-5,Lagrangian (KP per agent),664.0,664.0,published optimum,True,0.0,664.0,True,True,0.014075332961510867,,,,,,,
L2 matching (GAP),OR-Library gap1-12,gap4:5x30-5,regret greedy + local search,,664.0,published optimum,False,,,False,False,0.0011725829681381583,,,,,,,
L2 matching (GAP),OR-Library gap1-12,gap5:8x24-1,"MIP (highs, 20s)",563.0,563.0,published optimum,True,0.0,563.0,True,True,0.08814158401219174,,,,,,,
L2 matching (GAP),OR-Library gap1-12,gap5:8x24-1,Lagrangian (KP per agent),563.0,563.0,published optimum,True,0.0,564.0,False,True,0.11613920802483335,,,,,,,
L2 matching (GAP),OR-Library gap1-12,gap5:8x24-1,regret greedy + local search,550.0,563.0,published optimum,False,0.023090586145648313,,False,True,0.0011084169964306056,,,,,,,
L2 matching (GAP),OR-Library gap1-12,gap5:8x24-2,"MIP (highs, 20s)",558.0,558.0,published optimum,True,0.0,558.0,True,True,0.022215833014342934,,,,,,,
L2 matching (GAP),OR-Library gap1-12,gap5:8x24-2,Lagrangian (KP per agent),558.0,558.0,published optimum,True,0.0,558.0,True,True,0.023881500004790723,,,,,,,
L2 matching (GAP),OR-Library gap1-12,gap5:8x24-2,regret greedy + local search,546.0,558.0,published optimum,False,0.021505376344086023,,False,True,0.001032291038427502,,,,,,,
L2 matching (GAP),OR-Library gap1-12,gap5:8x24-3,"MIP (highs, 20s)",564.0,564.0,published optimum,True,0.0,564.0,True,True,0.02719754201825708,,,,,,,
L2 matching (GAP),OR-Library gap1-12,gap5:8x24-3,Lagrangian (KP per agent),564.0,564.0,published optimum,True,0.0,564.0,True,True,0.013101749995257705,,,,,,,
L2 matching (GAP),OR-Library gap1-12,gap5:8x24-3,regret greedy + local search,,564.0,published optimum,False,,,False,False,0.0007333749672397971,,,,,,,
L2 matching (GAP),OR-Library gap1-12,gap5:8x24-4,"MIP (highs, 20s)",568.0,568.0,published optimum,True,0.0,568.0,True,True,0.10751541703939438,,,,,,,
L2 matching (GAP),OR-Library gap1-12,gap5:8x24-4,Lagrangian (KP per agent),568.0,568.0,published optimum,True,0.0,568.0,True,True,0.04064245900372043,,,,,,,
L2 matching (GAP),OR-Library gap1-12,gap5:8x24-4,regret greedy + local search,,568.0,published optimum,False,,,False,False,0.0007302910089492798,,,,,,,
L2 matching (GAP),OR-Library gap1-12,gap5:8x24-5,"MIP (highs, 20s)",559.0,559.0,published optimum,True,0.0,559.0,True,True,0.3880484169931151,,,,,,,
L2 matching (GAP),OR-Library gap1-12,gap5:8x24-5,Lagrangian (KP per agent),559.0,559.0,published optimum,True,0.0,560.0,False,True,0.10982987500028685,,,,,,,
L2 matching (GAP),OR-Library gap1-12,gap5:8x24-5,regret greedy + local search,555.0,559.0,published optimum,False,0.007155635062611807,,False,True,0.0009751669713295996,,,,,,,
L2 matching (GAP),OR-Library gap1-12,gap6:8x32-1,"MIP (highs, 20s)",761.0,761.0,published optimum,True,0.0,761.0,True,True,0.15956533403368667,,,,,,,
L2 matching (GAP),OR-Library gap1-12,gap6:8x32-1,Lagrangian (KP per agent),761.0,761.0,published optimum,True,0.0,762.0,False,True,0.18983316700905561,,,,,,,
L2 matching (GAP),OR-Library gap1-12,gap6:8x32-1,regret greedy + local search,,761.0,published optimum,False,,,False,False,0.0011859160149469972,,,,,,,
L2 matching (GAP),OR-Library gap1-12,gap6:8x32-2,"MIP (highs, 20s)",759.0,759.0,published optimum,True,0.0,759.0,True,True,0.13911941595142707,,,,,,,
L2 matching (GAP),OR-Library gap1-12,gap6:8x32-2,Lagrangian (KP per agent),759.0,759.0,published optimum,True,0.0,760.0,False,True,0.1669914170051925,,,,,,,
L2 matching (GAP),OR-Library gap1-12,gap6:8x32-2,regret greedy + local search,,759.0,published optimum,False,,,False,False,0.001176375022623688,,,,,,,
L2 matching (GAP),OR-Library gap1-12,gap6:8x32-3,"MIP (highs, 20s)",758.0,758.0,published optimum,True,0.0,758.0000000000016,True,True,0.1279590420308523,,,,,,,
L2 matching (GAP),OR-Library gap1-12,gap6:8x32-3,Lagrangian (KP per agent),758.0,758.0,published optimum,True,0.0,758.0,True,True,0.021651750023011118,,,,,,,
L2 matching (GAP),OR-Library gap1-12,gap6:8x32-3,regret greedy + local search,734.0,758.0,published optimum,False,0.0316622691292876,,False,True,0.002002249995712191,,,,,,,
L2 matching (GAP),OR-Library gap1-12,gap6:8x32-4,"MIP (highs, 20s)",752.0,752.0,published optimum,True,0.0,752.0,True,True,0.16682391602080315,,,,,,,
L2 matching (GAP),OR-Library gap1-12,gap6:8x32-4,Lagrangian (KP per agent),752.0,752.0,published optimum,True,0.0,753.0,False,True,0.11740641697542742,,,,,,,
L2 matching (GAP),OR-Library gap1-12,gap6:8x32-4,regret greedy + local search,,752.0,published optimum,False,,,False,False,0.0012814580113627017,,,,,,,
L2 matching (GAP),OR-Library gap1-12,gap6:8x32-5,"MIP (highs, 20s)",747.0,747.0,published optimum,True,0.0,747.0,True,True,0.1627962079946883,,,,,,,
L2 matching (GAP),OR-Library gap1-12,gap6:8x32-5,Lagrangian (KP per agent),746.0,747.0,published optimum,False,0.0013386880856760374,747.0,False,True,0.15074574999744073,,,,,,,
L2 matching (GAP),OR-Library gap1-12,gap6:8x32-5,regret greedy + local search,,747.0,published optimum,False,,,False,False,0.001198749989271164,,,,,,,
L2 matching (GAP),OR-Library gap1-12,gap7:8x40-1,"MIP (highs, 20s)",942.0,942.0,published optimum,True,0.0,942.0,True,True,0.31298358301864937,,,,,,,
L2 matching (GAP),OR-Library gap1-12,gap7:8x40-1,Lagrangian (KP per agent),942.0,942.0,published optimum,True,0.0,943.0,False,True,0.21068312495481223,,,,,,,
L2 matching (GAP),OR-Library gap1-12,gap7:8x40-1,regret greedy + local search,929.0,942.0,published optimum,False,0.013800424628450107,,False,True,0.0031490420224145055,,,,,,,
L2 matching (GAP),OR-Library gap1-12,gap7:8x40-2,"MIP (highs, 20s)",949.0,949.0,published optimum,True,0.0,949.0,True,True,0.12677070801146328,,,,,,,
L2 matching (GAP),OR-Library gap1-12,gap7:8x40-2,Lagrangian (KP per agent),949.0,949.0,published optimum,True,0.0,949.0,True,True,0.05095554201398045,,,,,,,
L2 matching (GAP),OR-Library gap1-12,gap7:8x40-2,regret greedy + local search,939.0,949.0,published optimum,False,0.01053740779768177,,False,True,0.002770082966890186,,,,,,,
L2 matching (GAP),OR-Library gap1-12,gap7:8x40-3,"MIP (highs, 20s)",968.0,968.0,published optimum,True,0.0,968.0000000000001,True,True,0.0378582919947803,,,,,,,
L2 matching (GAP),OR-Library gap1-12,gap7:8x40-3,Lagrangian (KP per agent),968.0,968.0,published optimum,True,0.0,968.0,True,True,0.03664599999319762,,,,,,,
L2 matching (GAP),OR-Library gap1-12,gap7:8x40-3,regret greedy + local search,,968.0,published optimum,False,,,False,False,0.001765958033502102,,,,,,,
L2 matching (GAP),OR-Library gap1-12,gap7:8x40-4,"MIP (highs, 20s)",945.0,945.0,published optimum,True,0.0,945.0,True,True,0.05167304095812142,,,,,,,
L2 matching (GAP),OR-Library gap1-12,gap7:8x40-4,Lagrangian (KP per agent),945.0,945.0,published optimum,True,0.0,945.0,True,True,0.0263852080097422,,,,,,,
L2 matching (GAP),OR-Library gap1-12,gap7:8x40-4,regret greedy + local search,,945.0,published optimum,False,,,False,False,0.0016698749968782067,,,,,,,
L2 matching (GAP),OR-Library gap1-12,gap7:8x40-5,"MIP (highs, 20s)",951.0,951.0,published optimum,True,0.0,951.0,True,True,0.157953042013105,,,,,,,
L2 matching (GAP),OR-Library gap1-12,gap7:8x40-5,Lagrangian (KP per agent),951.0,951.0,published optimum,True,0.0,952.0,False,True,0.24315808399114758,,,,,,,
L2 matching (GAP),OR-Library gap1-12,gap7:8x40-5,regret greedy + local search,932.0,951.0,published optimum,False,0.019978969505783387,,False,True,0.0031506670056842268,,,,,,,
L2 matching (GAP),OR-Library gap1-12,gap8:8x48-1,"MIP (highs, 20s)",1133.0,1133.0,published optimum,True,0.0,1133.0,True,True,0.30910225003026426,,,,,,,
L2 matching (GAP),OR-Library gap1-12,gap8:8x48-1,Lagrangian (KP per agent),1133.0,1133.0,published optimum,True,0.0,1133.0,True,True,0.04825420904671773,,,,,,,
L2 matching (GAP),OR-Library gap1-12,gap8:8x48-1,regret greedy + local search,,1133.0,published optimum,False,,,False,False,0.002576166996732354,,,,,,,
L2 matching (GAP),OR-Library gap1-12,gap8:8x48-2,"MIP (highs, 20s)",1134.0,1134.0,published optimum,True,0.0,1133.9999999999995,True,True,0.3147083750227466,,,,,,,
L2 matching (GAP),OR-Library gap1-12,gap8:8x48-2,Lagrangian (KP per agent),1134.0,1134.0,published optimum,True,0.0,1135.0,False,True,0.2597050830372609,,,,,,,
L2 matching (GAP),OR-Library gap1-12,gap8:8x48-2,regret greedy + local search,,1134.0,published optimum,False,,,False,False,0.0024676250177435577,,,,,,,
L2 matching (GAP),OR-Library gap1-12,gap8:8x48-3,"MIP (highs, 20s)",1141.0,1141.0,published optimum,True,0.0,1141.0,True,True,0.1925029160338454,,,,,,,
L2 matching (GAP),OR-Library gap1-12,gap8:8x48-3,Lagrangian (KP per agent),1141.0,1141.0,published optimum,True,0.0,1141.0,True,True,0.10584041598485783,,,,,,,
L2 matching (GAP),OR-Library gap1-12,gap8:8x48-3,regret greedy + local search,,1141.0,published optimum,False,,,False,False,0.002424958045594394,,,,,,,
L2 matching (GAP),OR-Library gap1-12,gap8:8x48-4,"MIP (highs, 20s)",1117.0,1117.0,published optimum,True,0.0,1116.9999999999968,True,True,0.5995957080158405,,,,,,,
L2 matching (GAP),OR-Library gap1-12,gap8:8x48-4,Lagrangian (KP per agent),1117.0,1117.0,published optimum,True,0.0,1118.0,False,True,0.2434712500544265,,,,,,,
L2 matching (GAP),OR-Library gap1-12,gap8:8x48-4,regret greedy + local search,,1117.0,published optimum,False,,,False,False,0.002371333015616983,,,,,,,
L2 matching (GAP),OR-Library gap1-12,gap8:8x48-5,"MIP (highs, 20s)",1127.0,1127.0,published optimum,True,0.0,1127.0000000000039,True,True,0.27373716700822115,,,,,,,
L2 matching (GAP),OR-Library gap1-12,gap8:8x48-5,Lagrangian (KP per agent),1127.0,1127.0,published optimum,True,0.0,1127.0,True,True,0.05247987498296425,,,,,,,
L2 matching (GAP),OR-Library gap1-12,gap8:8x48-5,regret greedy + local search,,1127.0,published optimum,False,,,False,False,0.0025187910068780184,,,,,,,
L2 matching (GAP),OR-Library gap1-12,gap9:10x30-1,"MIP (highs, 20s)",709.0,709.0,published optimum,True,0.0,709.0,True,True,0.18255391699494794,,,,,,,
L2 matching (GAP),OR-Library gap1-12,gap9:10x30-1,Lagrangian (KP per agent),709.0,709.0,published optimum,True,0.0,710.0,False,True,0.16050733398878947,,,,,,,
L2 matching (GAP),OR-Library gap1-12,gap9:10x30-1,regret greedy + local search,683.0,709.0,published optimum,False,0.036671368124118475,,False,True,0.001294249959755689,,,,,,,
L2 matching (GAP),OR-Library gap1-12,gap9:10x30-2,"MIP (highs, 20s)",717.0,717.0,published optimum,True,0.0,716.9999999999999,True,True,0.14998424996156245,,,,,,,
L2 matching (GAP),OR-Library gap1-12,gap9:10x30-2,Lagrangian (KP per agent),717.0,717.0,published optimum,True,0.0,717.0,True,True,0.0735686250263825,,,,,,,
L2 matching (GAP),OR-Library gap1-12,gap9:10x30-2,regret greedy + local search,700.0,717.0,published optimum,False,0.023709902370990237,,False,True,0.0015055830008350313,,,,,,,
L2 matching (GAP),OR-Library gap1-12,gap9:10x30-3,"MIP (highs, 20s)",712.0,712.0,published optimum,True,0.0,712.0,True,True,0.17305179097456858,,,,,,,
L2 matching (GAP),OR-Library gap1-12,gap9:10x30-3,Lagrangian (KP per agent),712.0,712.0,published optimum,True,0.0,713.0,False,True,0.16626220796024427,,,,,,,
L2 matching (GAP),OR-Library gap1-12,gap9:10x30-3,regret greedy + local search,,712.0,published optimum,False,,,False,False,0.00109420798253268,,,,,,,
L2 matching (GAP),OR-Library gap1-12,gap9:10x30-4,"MIP (highs, 20s)",723.0,723.0,published optimum,True,0.0,723.0,True,True,0.14444199996069074,,,,,,,
L2 matching (GAP),OR-Library gap1-12,gap9:10x30-4,Lagrangian (KP per agent),723.0,723.0,published optimum,True,0.0,724.0,False,True,0.15036587498616427,,,,,,,
L2 matching (GAP),OR-Library gap1-12,gap9:10x30-4,regret greedy + local search,,723.0,published optimum,False,,,False,False,0.0011605420149862766,,,,,,,
L2 matching (GAP),OR-Library gap1-12,gap9:10x30-5,"MIP (highs, 20s)",706.0,706.0,published optimum,True,0.0,706.0,True,True,0.37591291597345844,,,,,,,
L2 matching (GAP),OR-Library gap1-12,gap9:10x30-5,Lagrangian (KP per agent),706.0,706.0,published optimum,True,0.0,707.0,False,True,0.15629954100586474,,,,,,,
L2 matching (GAP),OR-Library gap1-12,gap9:10x30-5,regret greedy + local search,,706.0,published optimum,False,,,False,False,0.0010829170350916684,,,,,,,
L2 matching (GAP),OR-Library gap1-12,gap10:10x40-1,"MIP (highs, 20s)",958.0,958.0,published optimum,True,0.0,958.0,True,True,0.05139237496769056,,,,,,,
L2 matching (GAP),OR-Library gap1-12,gap10:10x40-1,Lagrangian (KP per agent),958.0,958.0,published optimum,True,0.0,958.0,True,True,0.029301667003892362,,,,,,,
L2 matching (GAP),OR-Library gap1-12,gap10:10x40-1,regret greedy + local search,947.0,958.0,published optimum,False,0.011482254697286013,,False,True,0.0021133749978616834,,,,,,,
L2 matching (GAP),OR-Library gap1-12,gap10:10x40-2,"MIP (highs, 20s)",963.0,963.0,published optimum,True,0.0,963.0,True,True,0.23590712499571964,,,,,,,
L2 matching (GAP),OR-Library gap1-12,gap10:10x40-2,Lagrangian (KP per agent),963.0,963.0,published optimum,True,0.0,964.0,False,True,0.30985420796787366,,,,,,,
L2 matching (GAP),OR-Library gap1-12,gap10:10x40-2,regret greedy + local search,947.0,963.0,published optimum,False,0.016614745586708203,,False,True,0.002900875057093799,,,,,,,
L2 matching (GAP),OR-Library gap1-12,gap10:10x40-3,"MIP (highs, 20s)",960.0,960.0,published optimum,True,0.0,960.0000000000002,True,True,0.24906183301936835,,,,,,,
L2 matching (GAP),OR-Library gap1-12,gap10:10x40-3,Lagrangian (KP per agent),959.0,960.0,published optimum,False,0.0010416666666666667,960.0,False,True,0.3019901249790564,,,,,,,
L2 matching (GAP),OR-Library gap1-12,gap10:10x40-3,regret greedy + local search,,960.0,published optimum,False,,,False,False,0.0018437919788993895,,,,,,,
L2 matching (GAP),OR-Library gap1-12,gap10:10x40-4,"MIP (highs, 20s)",947.0,947.0,published optimum,True,0.0,947.0000000000463,True,True,0.19049637496937066,,,,,,,
L2 matching (GAP),OR-Library gap1-12,gap10:10x40-4,Lagrangian (KP per agent),947.0,947.0,published optimum,True,0.0,947.0,True,True,0.07164408400421962,,,,,,,
L2 matching (GAP),OR-Library gap1-12,gap10:10x40-4,regret greedy + local search,,947.0,published optimum,False,,,False,False,0.0017392910085618496,,,,,,,
L2 matching (GAP),OR-Library gap1-12,gap10:10x40-5,"MIP (highs, 20s)",947.0,947.0,published optimum,True,0.0,947.0,True,True,0.47983554197708145,,,,,,,
L2 matching (GAP),OR-Library gap1-12,gap10:10x40-5,Lagrangian (KP per agent),947.0,947.0,published optimum,True,0.0,948.0,False,True,0.27332716598175466,,,,,,,
L2 matching (GAP),OR-Library gap1-12,gap10:10x40-5,regret greedy + local search,,947.0,published optimum,False,,,False,False,0.0017799580236896873,,,,,,,
L2 matching (GAP),OR-Library gap1-12,gap11:10x50-1,"MIP (highs, 20s)",1139.0,1139.0,published optimum,True,0.0,1139.0,True,True,0.0989116249838844,,,,,,,
L2 matching (GAP),OR-Library gap1-12,gap11:10x50-1,Lagrangian (KP per agent),1139.0,1139.0,published optimum,True,0.0,1139.0,True,True,0.09544791595544666,,,,,,,
L2 matching (GAP),OR-Library gap1-12,gap11:10x50-1,regret greedy + local search,,1139.0,published optimum,False,,,False,False,0.0027271669823676348,,,,,,,
L2 matching (GAP),OR-Library gap1-12,gap11:10x50-2,"MIP (highs, 20s)",1178.0,1178.0,published optimum,True,0.0,1178.0,True,True,0.13453541602939367,,,,,,,
L2 matching (GAP),OR-Library gap1-12,gap11:10x50-2,Lagrangian (KP per agent),1178.0,1178.0,published optimum,True,0.0,1178.0,True,True,0.13080250000348315,,,,,,,
L2 matching (GAP),OR-Library gap1-12,gap11:10x50-2,regret greedy + local search,,1178.0,published optimum,False,,,False,False,0.0027651669806800783,,,,,,,
L2 matching (GAP),OR-Library gap1-12,gap11:10x50-3,"MIP (highs, 20s)",1195.0,1195.0,published optimum,True,0.0,1195.0,True,True,0.06114474998321384,,,,,,,
L2 matching (GAP),OR-Library gap1-12,gap11:10x50-3,Lagrangian (KP per agent),1195.0,1195.0,published optimum,True,0.0,1195.0,True,True,0.0830520000308752,,,,,,,
L2 matching (GAP),OR-Library gap1-12,gap11:10x50-3,regret greedy + local search,1194.0,1195.0,published optimum,False,0.0008368200836820083,,False,True,0.003310583997517824,,,,,,,
L2 matching (GAP),OR-Library gap1-12,gap11:10x50-4,"MIP (highs, 20s)",1171.0,1171.0,published optimum,True,0.0,1171.0,True,True,0.22097991599002853,,,,,,,
L2 matching (GAP),OR-Library gap1-12,gap11:10x50-4,Lagrangian (KP per agent),1171.0,1171.0,published optimum,True,0.0,1172.0,False,True,0.4331013340270147,,,,,,,
L2 matching (GAP),OR-Library gap1-12,gap11:10x50-4,regret greedy + local search,,1171.0,published optimum,False,,,False,False,0.0028302500140853226,,,,,,,
L2 matching (GAP),OR-Library gap1-12,gap11:10x50-5,"MIP (highs, 20s)",1171.0,1171.0,published optimum,True,0.0,1171.0,True,True,0.3871542499982752,,,,,,,
L2 matching (GAP),OR-Library gap1-12,gap11:10x50-5,Lagrangian (KP per agent),1171.0,1171.0,published optimum,True,0.0,1172.0,False,True,0.37678375001996756,,,,,,,
L2 matching (GAP),OR-Library gap1-12,gap11:10x50-5,regret greedy + local search,,1171.0,published optimum,False,,,False,False,0.002712082990910858,,,,,,,
L2 matching (GAP),OR-Library gap1-12,gap12:10x60-1,"MIP (highs, 20s)",1451.0,1451.0,published optimum,True,0.0,1451.0,True,True,0.11244987498503178,,,,,,,
L2 matching (GAP),OR-Library gap1-12,gap12:10x60-1,Lagrangian (KP per agent),1451.0,1451.0,published optimum,True,0.0,1451.0,True,True,0.09139108296949416,,,,,,,
L2 matching (GAP),OR-Library gap1-12,gap12:10x60-1,regret greedy + local search,1439.0,1451.0,published optimum,False,0.008270158511371467,,False,True,0.006171207991428673,,,,,,,
L2 matching (GAP),OR-Library gap1-12,gap12:10x60-2,"MIP (highs, 20s)",1449.0,1449.0,published optimum,True,0.0,1449.0,True,True,0.17303270898992196,,,,,,,
L2 matching (GAP),OR-Library gap1-12,gap12:10x60-2,Lagrangian (KP per agent),1449.0,1449.0,published optimum,True,0.0,1449.0,True,True,0.2367977499961853,,,,,,,
L2 matching (GAP),OR-Library gap1-12,gap12:10x60-2,regret greedy + local search,,1449.0,published optimum,False,,,False,False,0.006691374990623444,,,,,,,
L2 matching (GAP),OR-Library gap1-12,gap12:10x60-3,"MIP (highs, 20s)",1433.0,1433.0,published optimum,True,0.0,1433.0,True,True,0.3006565839750692,,,,,,,
L2 matching (GAP),OR-Library gap1-12,gap12:10x60-3,Lagrangian (KP per agent),1433.0,1433.0,published optimum,True,0.0,1433.0,True,True,0.17206841701408848,,,,,,,
L2 matching (GAP),OR-Library gap1-12,gap12:10x60-3,regret greedy + local search,,1433.0,published optimum,False,,,False,False,0.0038475830224342644,,,,,,,
L2 matching (GAP),OR-Library gap1-12,gap12:10x60-4,"MIP (highs, 20s)",1447.0,1447.0,published optimum,True,0.0,1447.0,True,True,0.08862445800332353,,,,,,,
L2 matching (GAP),OR-Library gap1-12,gap12:10x60-4,Lagrangian (KP per agent),1447.0,1447.0,published optimum,True,0.0,1447.0,True,True,0.10678466700483114,,,,,,,
L2 matching (GAP),OR-Library gap1-12,gap12:10x60-4,regret greedy + local search,,1447.0,published optimum,False,,,False,False,0.003955832973588258,,,,,,,
L2 matching (GAP),OR-Library gap1-12,gap12:10x60-5,"MIP (highs, 20s)",1446.0,1446.0,published optimum,True,0.0,1446.0,True,True,0.1605677920160815,,,,,,,
L2 matching (GAP),OR-Library gap1-12,gap12:10x60-5,Lagrangian (KP per agent),1446.0,1446.0,published optimum,True,0.0,1446.0,True,True,0.3858249160111882,,,,,,,
L2 matching (GAP),OR-Library gap1-12,gap12:10x60-5,regret greedy + local search,,1446.0,published optimum,False,,,False,False,0.004144834005273879,,,,,,,
L2 matching (GAP),OR-Library gapa (type A),gapa:5x100-1,"MIP (highs, 20s)",1698.0,1698.0,own proven optimum,True,0.0,1698.0,True,True,0.004106875043362379,,,,,,,
L2 matching (GAP),OR-Library gapa (type A),gapa:5x100-1,Lagrangian (KP per agent),1698.0,1698.0,own proven optimum,True,0.0,1698.0,True,True,0.0019732920336537063,,,,,,,
L2 matching (GAP),OR-Library gapa (type A),gapa:5x100-1,regret greedy + local search,1698.0,1698.0,own proven optimum,True,0.0,,False,True,0.012461624981369823,,,,,,,
L2 matching (GAP),OR-Library gapa (type A),gapa:5x200-2,"MIP (highs, 20s)",3235.0,3235.0,own proven optimum,True,0.0,3235.0,True,True,0.009029958979226649,,,,,,,
L2 matching (GAP),OR-Library gapa (type A),gapa:5x200-2,Lagrangian (KP per agent),3235.0,3235.0,own proven optimum,True,0.0,3235.0,True,True,0.006937500031199306,,,,,,,
L2 matching (GAP),OR-Library gapa (type A),gapa:5x200-2,regret greedy + local search,3235.0,3235.0,own proven optimum,True,0.0,,False,True,0.048590041988063604,,,,,,,
L2 matching (GAP),OR-Library gapa (type A),gapa:10x100-3,"MIP (highs, 20s)",1360.0,1360.0,own proven optimum,True,0.0,1360.0,True,True,0.01106004201574251,,,,,,,
L2 matching (GAP),OR-Library gapa (type A),gapa:10x100-3,Lagrangian (KP per agent),1360.0,1360.0,own proven optimum,True,0.0,1360.0,True,True,0.04252679197816178,,,,,,,
L2 matching (GAP),OR-Library gapa (type A),gapa:10x100-3,regret greedy + local search,1360.0,1360.0,own proven optimum,True,0.0,,False,True,0.012638541986234486,,,,,,,
L2 matching (GAP),OR-Library gapa (type A),gapa:10x200-4,"MIP (highs, 20s)",2623.0,2623.0,own proven optimum,True,0.0,2623.0,True,True,0.015766041993629187,,,,,,,
L2 matching (GAP),OR-Library gapa (type A),gapa:10x200-4,Lagrangian (KP per agent),2623.0,2623.0,own proven optimum,True,0.0,2623.0,True,True,0.008224292017985135,,,,,,,
L2 matching (GAP),OR-Library gapa (type A),gapa:10x200-4,regret greedy + local search,2623.0,2623.0,own proven optimum,True,0.0,,False,True,0.048901624977588654,,,,,,,
L2 matching (GAP),OR-Library gapa (type A),gapa:20x100-5,"MIP (highs, 20s)",1158.0,1158.0,own proven optimum,True,0.0,1158.0,True,True,0.030487666954286397,,,,,,,
L2 matching (GAP),OR-Library gapa (type A),gapa:20x100-5,Lagrangian (KP per agent),1158.0,1158.0,own proven optimum,True,0.0,1158.0,True,True,0.002909832983277738,,,,,,,
L2 matching (GAP),OR-Library gapa (type A),gapa:20x100-5,regret greedy + local search,1158.0,1158.0,own proven optimum,True,0.0,,False,True,0.013333332957699895,,,,,,,
L2 matching (GAP),OR-Library gapa (type A),gapa:20x200-6,"MIP (highs, 20s)",2339.0,2339.0,own proven optimum,True,0.0,2339.0,True,True,0.06924266600981355,,,,,,,
L2 matching (GAP),OR-Library gapa (type A),gapa:20x200-6,Lagrangian (KP per agent),2339.0,2339.0,own proven optimum,True,0.0,2339.0,True,True,0.25921066699083894,,,,,,,
L2 matching (GAP),OR-Library gapa (type A),gapa:20x200-6,regret greedy + local search,2340.0,2339.0,own proven optimum,False,0.00042753313381787086,,False,True,0.0528911660076119,,,,,,,
L2 matching (GAP),OR-Library gapb (type B),gapb:5x100-1,"MIP (highs, 20s)",1843.0,1843.0,own proven optimum,True,0.0,1843.0,True,True,0.5265677910065278,,,,,,,
L2 matching (GAP),OR-Library gapb (type B),gapb:5x100-1,Lagrangian (KP per agent),1846.0,1843.0,own proven optimum,False,0.0016277807921866521,1839.0,False,True,0.4842917079804465,,,,,,,
L2 matching (GAP),OR-Library gapb (type B),gapb:5x100-1,regret greedy + local search,,1843.0,own proven optimum,False,,,False,False,0.009983875032048672,,,,,,,
L2 matching (GAP),OR-Library gapb (type B),gapb:5x200-2,"MIP (highs, 20s)",3552.0,3552.0,own proven optimum,True,0.0,3551.9999999999977,True,True,2.2021531249629334,,,,,,,
L2 matching (GAP),OR-Library gapb (type B),gapb:5x200-2,Lagrangian (KP per agent),3554.0,3552.0,own proven optimum,False,0.0005630630630630631,3550.0,False,True,3.1646305000176653,,,,,,,
L2 matching (GAP),OR-Library gapb (type B),gapb:5x200-2,regret greedy + local search,,3552.0,own proven optimum,False,,,False,False,0.03983249998418614,,,,,,,
L2 matching (GAP),OR-Library gapb (type B),gapb:10x100-3,"MIP (highs, 20s)",1407.0,1407.0,own proven optimum,True,0.0,1407.0,True,True,0.09676770895021036,,,,,,,
L2 matching (GAP),OR-Library gapb (type B),gapb:10x100-3,Lagrangian (KP per agent),1407.0,1407.0,own proven optimum,True,0.0,1407.0,True,True,0.15303950000088662,,,,,,,
L2 matching (GAP),OR-Library gapb (type B),gapb:10x100-3,regret greedy + local search,,1407.0,own proven optimum,False,,,False,False,0.010633207974024117,,,,,,,
L2 matching (GAP),OR-Library gapb (type B),gapb:10x200-4,"MIP (highs, 20s)",2827.0,2827.0,own proven optimum,True,0.0,2826.9999999999527,True,True,4.566785709001124,,,,,,,
L2 matching (GAP),OR-Library gapb (type B),gapb:10x200-4,Lagrangian (KP per agent),2837.0,2827.0,own proven optimum,False,0.003537318712415989,2826.0,False,True,3.9862833339720964,,,,,,,
L2 matching (GAP),OR-Library gapb (type B),gapb:10x200-4,regret greedy + local search,,2827.0,own proven optimum,False,,,False,False,0.03995291597675532,,,,,,,
L2 matching (GAP),OR-Library gapb (type B),gapb:20x100-5,"MIP (highs, 20s)",1166.0,1166.0,own proven optimum,True,0.0,1166.0,True,True,0.12971129099605605,,,,,,,
L2 matching (GAP),OR-Library gapb (type B),gapb:20x100-5,Lagrangian (KP per agent),1166.0,1166.0,own proven optimum,True,0.0,1166.0,True,True,0.4551417500479147,,,,,,,
L2 matching (GAP),OR-Library gapb (type B),gapb:20x100-5,regret greedy + local search,1190.0,1166.0,own proven optimum,False,0.02058319039451115,,False,True,0.01709870802005753,,,,,,,
L2 matching (GAP),OR-Library gapb (type B),gapb:20x200-6,"MIP (highs, 20s)",2339.0,2339.0,own proven optimum,True,0.0,2339.0,True,True,0.5724307079799473,,,,,,,
L2 matching (GAP),OR-Library gapb (type B),gapb:20x200-6,Lagrangian (KP per agent),2339.0,2339.0,own proven optimum,True,0.0,2339.0,True,True,1.9667637499514967,,,,,,,
L2 matching (GAP),OR-Library gapb (type B),gapb:20x200-6,regret greedy + local search,2433.0,2339.0,own proven optimum,False,0.040188114578879865,,False,True,0.07275379198836163,,,,,,,
L2 matching (GAP),OR-Library gapc (type C),gapc:5x100-1,"MIP (highs, 20s)",1931.0,1931.0,own proven optimum,True,0.0,1931.0,True,True,0.4993706249515526,,,,,,,
L2 matching (GAP),OR-Library gapc (type C),gapc:5x100-1,Lagrangian (KP per agent),1935.0,1931.0,own proven optimum,False,0.0020714655618850335,1930.0,False,True,0.5376761659863405,,,,,,,
L2 matching (GAP),OR-Library gapc (type C),gapc:5x100-1,regret greedy + local search,,1931.0,own proven optimum,False,,,False,False,0.010689334012567997,,,,,,,
L2 matching (GAP),OR-Library gapc (type C),gapc:5x200-2,"MIP (highs, 20s)",3456.0,3456.0,own proven optimum,True,0.0,3456.0,True,True,0.7033959580003284,,,,,,,
L2 matching (GAP),OR-Library gapc (type C),gapc:5x200-2,Lagrangian (KP per agent),3459.0,3456.0,own proven optimum,False,0.0008680555555555555,3455.0,False,True,3.3859112500213087,,,,,,,
L2 matching (GAP),OR-Library gapc (type C),gapc:5x200-2,regret greedy + local search,,3456.0,own proven optimum,False,,,False,False,0.043377958005294204,,,,,,,
L2 matching (GAP),OR-Library gapc (type C),gapc:10x100-3,"MIP (highs, 20s)",1402.0,1402.0,own proven optimum,True,0.0,1401.9999999999998,True,True,1.668573125032708,,,,,,,
L2 matching (GAP),OR-Library gapc (type C),gapc:10x100-3,Lagrangian (KP per agent),1409.0,1402.0,own proven optimum,False,0.004992867332382311,1400.0,False,True,1.1798655829625204,,,,,,,
L2 matching (GAP),OR-Library gapc (type C),gapc:10x100-3,regret greedy + local search,,1402.0,own proven optimum,False,,,False,False,0.010480042023118585,,,,,,,
L2 matching (GAP),OR-Library gapc (type C),gapc:10x200-4,"MIP (highs, 20s)",2806.0,2806.0,own proven optimum,True,0.0,2806.000000000001,True,True,5.719751750002615,,,,,,,
L2 matching (GAP),OR-Library gapc (type C),gapc:10x200-4,Lagrangian (KP per agent),2817.0,2806.0,own proven optimum,False,0.003920171062009979,2804.0,False,True,3.8674394170520827,,,,,,,
L2 matching (GAP),OR-Library gapc (type C),gapc:10x200-4,regret greedy + local search,,2806.0,own proven optimum,False,,,False,False,0.040715457987971604,,,,,,,
L2 matching (GAP),OR-Library gapc (type C),gapc:20x100-5,"MIP (highs, 20s)",1243.0,1243.0,own proven optimum,True,0.0,1243.0000000000005,True,True,0.9809629580122419,,,,,,,
L2 matching (GAP),OR-Library gapc (type C),gapc:20x100-5,Lagrangian (KP per agent),1248.0,1243.0,own proven optimum,False,0.004022526146419952,1242.0,False,True,1.9111041250289418,,,,,,,
L2 matching (GAP),OR-Library gapc (type C),gapc:20x100-5,regret greedy + local search,,1243.0,own proven optimum,False,,,False,False,0.01079666701843962,,,,,,,
L2 matching (GAP),OR-Library gapc (type C),gapc:20x200-6,"MIP (highs, 20s)",2391.0,2391.0,own proven optimum,True,0.0,2391.000000000001,True,True,8.046618959051557,,,,,,,
L2 matching (GAP),OR-Library gapc (type C),gapc:20x200-6,Lagrangian (KP per agent),2402.0,2391.0,own proven optimum,False,0.004600585529067336,2391.0,False,True,6.9126507909968495,,,,,,,
L2 matching (GAP),OR-Library gapc (type C),gapc:20x200-6,regret greedy + local search,,2391.0,own proven optimum,False,,,False,False,0.04264483298175037,,,,,,,
L2 matching (GAP),OR-Library gapd (type D),gapd:5x100-1,"MIP (highs, 20s)",6354.0,,published optimum,False,,6351.0,False,True,20.001611915999092,,,,,,,
L2 matching (GAP),OR-Library gapd (type D),gapd:5x100-1,Lagrangian (KP per agent),6371.0,,published optimum,False,,6350.0,False,True,1.5720287499716505,,,,,,,
L2 matching (GAP),OR-Library gapd (type D),gapd:5x100-1,regret greedy + local search,,,published optimum,False,,,False,False,0.008356042031664401,,,,,,,
L2 matching (GAP),OR-Library gapd (type D),gapd:5x200-2,"MIP (highs, 20s)",12750.0,,published optimum,False,,12739.0,False,True,20.001488582987804,,,,,,,
L2 matching (GAP),OR-Library gapd (type D),gapd:5x200-2,Lagrangian (KP per agent),12772.0,,published optimum,False,,12740.0,False,True,6.634197041974403,,,,,,,
L2 matching (GAP),OR-Library gapd (type D),gapd:5x200-2,regret greedy + local search,,,published optimum,False,,,False,False,0.03034495795145631,,,,,,,
L2 matching (GAP),OR-Library gapd (type D),gapd:10x100-3,"MIP (highs, 20s)",6369.0,,published optimum,False,,6334.0,False,True,20.003809957997873,,,,,,,
L2 matching (GAP),OR-Library gapd (type D),gapd:10x100-3,Lagrangian (KP per agent),6388.0,,published optimum,False,,6342.0,False,True,2.5406643750029616,,,,,,,
L2 matching (GAP),OR-Library gapd (type D),gapd:10x100-3,regret greedy + local search,6912.0,,published optimum,False,,,False,True,0.018378208042122424,,,,,,,
L2 matching (GAP),OR-Library gapd (type D),gapd:10x200-4,"MIP (highs, 20s)",12444.0,,published optimum,False,,12423.0,False,True,20.0022607910214,,,,,,,
L2 matching (GAP),OR-Library gapd (type D),gapd:10x200-4,Lagrangian (KP per agent),12497.0,,published optimum,False,,12426.0,False,True,9.669628167001065,,,,,,,
L2 matching (GAP),OR-Library gapd (type D),gapd:10x200-4,regret greedy + local search,13228.0,,published optimum,False,,,False,True,0.0871509580174461,,,,,,,
L2 matching (GAP),OR-Library gapd (type D),gapd:20x100-5,"MIP (highs, 20s)",6250.0,,published optimum,False,,6166.0,False,True,20.011217791005038,,,,,,,
L2 matching (GAP),OR-Library gapd (type D),gapd:20x100-5,Lagrangian (KP per agent),6303.0,,published optimum,False,,6175.0,False,True,3.0437721660127863,,,,,,,
L2 matching (GAP),OR-Library gapd (type D),gapd:20x100-5,regret greedy + local search,6725.0,,published optimum,False,,,False,True,0.01700516598066315,,,,,,,
L2 matching (GAP),OR-Library gapd (type D),gapd:20x200-6,"MIP (highs, 20s)",12338.0,,published optimum,False,,12225.0,False,True,20.009466833958868,,,,,,,
L2 matching (GAP),OR-Library gapd (type D),gapd:20x200-6,Lagrangian (KP per agent),12417.0,,published optimum,False,,12228.0,False,True,12.551064874976873,,,,,,,
L2 matching (GAP),OR-Library gapd (type D),gapd:20x200-6,regret greedy + local search,13337.0,,published optimum,False,,,False,True,0.08846854098374024,,,,,,,
L3 loading (BPP),Falkenauer uniform n=120,u120_00,FFD,49.0,48.0,proven optimum,False,0.020833333333333332,48.0,False,True,0.0008299159817397594,,,,,,,
L3 loading (BPP),Falkenauer uniform n=120,u120_00,BFD,49.0,48.0,proven optimum,False,0.020833333333333332,48.0,False,True,0.0006637499900534749,,,,,,,
L3 loading (BPP),Falkenauer uniform n=120,u120_00,"column generation (+dive, +arc-flow)",48.0,48.0,proven optimum,True,0.0,48.0,True,True,0.11016237497096881,,,47.26595744680851,,193.0,False,False
L3 loading (BPP),Falkenauer uniform n=120,u120_00,compact assignment MIP (10s),49.0,48.0,proven optimum,False,0.020833333333333332,48.0,False,True,10.008781083975919,,,,,,,
L3 loading (BPP),Falkenauer uniform n=120,u120_01,FFD,49.0,49.0,proven optimum,True,0.0,49.0,True,True,0.0006593749858438969,,,,,,,
L3 loading (BPP),Falkenauer uniform n=120,u120_01,BFD,49.0,49.0,proven optimum,True,0.0,49.0,True,True,0.0006600830238312483,,,,,,,
L3 loading (BPP),Falkenauer uniform n=120,u120_01,"column generation (+dive, +arc-flow)",49.0,49.0,proven optimum,True,0.0,49.0,True,True,0.14486337505513802,,,48.04861111111111,,202.0,False,False
L3 loading (BPP),Falkenauer uniform n=120,u120_01,compact assignment MIP (10s),49.0,49.0,proven optimum,True,0.0,49.0,True,True,0.12586233403999358,,,,,,,
L3 loading (BPP),Falkenauer uniform n=120,u120_02,FFD,47.0,46.0,proven optimum,False,0.021739130434782608,46.0,False,True,0.0006147500243969262,,,,,,,
L3 loading (BPP),Falkenauer uniform n=120,u120_02,BFD,47.0,46.0,proven optimum,False,0.021739130434782608,46.0,False,True,0.000615666969679296,,,,,,,
L3 loading (BPP),Falkenauer uniform n=120,u120_02,"column generation (+dive, +arc-flow)",46.0,46.0,proven optimum,True,0.0,46.0,True,True,0.1854173339670524,,,45.29333333333335,,208.0,False,False
L3 loading (BPP),Falkenauer uniform n=120,u120_02,compact assignment MIP (10s),47.0,46.0,proven optimum,False,0.021739130434782608,46.0,False,True,10.010145791980904,,,,,,,
L3 loading (BPP),Falkenauer uniform n=120,u120_03,FFD,50.0,49.0,proven optimum,False,0.02040816326530612,49.0,False,True,0.0006097920122556388,,,,,,,
L3 loading (BPP),Falkenauer uniform n=120,u120_03,BFD,50.0,49.0,proven optimum,False,0.02040816326530612,49.0,False,True,0.0006407080218195915,,,,,,,
L3 loading (BPP),Falkenauer uniform n=120,u120_03,"column generation (+dive, +arc-flow)",49.0,49.0,proven optimum,True,0.0,49.0,True,True,0.20275104203028604,,,48.62595419847328,,210.0,False,False
L3 loading (BPP),Falkenauer uniform n=120,u120_04,FFD,50.0,50.0,proven optimum,True,0.0,50.0,True,True,0.0006182919605635107,,,,,,,
L3 loading (BPP),Falkenauer uniform n=120,u120_04,BFD,50.0,50.0,proven optimum,True,0.0,50.0,True,True,0.0006426660111173987,,,,,,,
L3 loading (BPP),Falkenauer uniform n=120,u120_04,"column generation (+dive, +arc-flow)",50.0,50.0,proven optimum,True,0.0,50.0,True,True,0.10399562498787418,,,49.085034013605444,,208.0,False,False
L3 loading (BPP),Falkenauer uniform n=120,u120_05,FFD,49.0,48.0,proven optimum,False,0.020833333333333332,48.0,False,True,0.000610999995842576,,,,,,,
L3 loading (BPP),Falkenauer uniform n=120,u120_05,BFD,49.0,48.0,proven optimum,False,0.020833333333333332,48.0,False,True,0.0006422499427571893,,,,,,,
L3 loading (BPP),Falkenauer uniform n=120,u120_05,"column generation (+dive, +arc-flow)",48.0,48.0,proven optimum,True,0.0,48.0,True,True,0.13307166600134224,,,47.48979591836734,,208.0,False,False
L3 loading (BPP),Falkenauer uniform n=120,u120_06,FFD,49.0,48.0,proven optimum,False,0.020833333333333332,48.0,False,True,0.0006174159934744239,,,,,,,
L3 loading (BPP),Falkenauer uniform n=120,u120_06,BFD,49.0,48.0,proven optimum,False,0.020833333333333332,48.0,False,True,0.0006501249736174941,,,,,,,
L3 loading (BPP),Falkenauer uniform n=120,u120_06,"column generation (+dive, +arc-flow)",48.0,48.0,proven optimum,True,0.0,48.0,True,True,0.30598037503659725,,,47.579999999999984,,235.0,False,False
L3 loading (BPP),Falkenauer uniform n=120,u120_07,FFD,50.0,49.0,proven optimum,False,0.02040816326530612,49.0,False,True,0.0006021250155754387,,,,,,,
L3 loading (BPP),Falkenauer uniform n=120,u120_07,BFD,50.0,49.0,proven optimum,False,0.02040816326530612,49.0,False,True,0.0006658339989371598,,,,,,,
L3 loading (BPP),Falkenauer uniform n=120,u120_07,"column generation (+dive, +arc-flow)",49.0,49.0,proven optimum,True,0.0,49.0,True,True,0.09588149999035522,,,48.65986394557823,,189.0,False,False
L3 loading (BPP),Falkenauer uniform n=120,u120_08,FFD,51.0,51.0,best known,True,0.0,50.0,False,True,0.000647124950774014,,,,,,,
L3 loading (BPP),Falkenauer uniform n=120,u120_08,BFD,51.0,51.0,best known,True,0.0,50.0,False,True,0.000678708020132035,,,,,,,
L3 loading (BPP),Falkenauer uniform n=120,u120_08,"column generation (+dive, +arc-flow)",50.0,51.0,best known,True,-0.0196078431372549,50.0,True,True,0.4512916670064442,,,49.911564625850346,,217.0,False,False
L3 loading (BPP),Falkenauer uniform n=120,u120_09,FFD,47.0,46.0,proven optimum,False,0.021739130434782608,46.0,False,True,0.0006162920035421848,,,,,,,
L3 loading (BPP),Falkenauer uniform n=120,u120_09,BFD,47.0,46.0,proven optimum,False,0.021739130434782608,46.0,False,True,0.0006641250220127404,,,,,,,
L3 loading (BPP),Falkenauer uniform n=120,u120_09,"column generation (+dive, +arc-flow)",46.0,46.0,proven optimum,True,0.0,46.0,True,True,0.1807616670266725,,,45.800000000000004,,226.0,False,False
L3 loading (BPP),Falkenauer uniform n=120,u120_10,FFD,52.0,52.0,proven optimum,True,0.0,52.0,True,True,0.0006143330247141421,,,,,,,
L3 loading (BPP),Falkenauer uniform n=120,u120_10,BFD,52.0,52.0,proven optimum,True,0.0,52.0,True,True,0.0006413329974748194,,,,,,,
L3 loading (BPP),Falkenauer uniform n=120,u120_10,"column generation (+dive, +arc-flow)",52.0,52.0,proven optimum,True,0.0,52.0,True,True,0.13366870896425098,,,51.2824074074074,,211.0,False,False
L3 loading (BPP),Falkenauer uniform n=120,u120_11,FFD,50.0,49.0,proven optimum,False,0.02040816326530612,49.0,False,True,0.0006402910221368074,,,,,,,
L3 loading (BPP),Falkenauer uniform n=120,u120_11,BFD,50.0,49.0,proven optimum,False,0.02040816326530612,49.0,False,True,0.0006420409772545099,,,,,,,
L3 loading (BPP),Falkenauer uniform n=120,u120_11,"column generation (+dive, +arc-flow)",49.0,49.0,proven optimum,True,0.0,49.0,True,True,0.14816295803757384,,,48.392857142857146,,201.0,False,False
L3 loading (BPP),Falkenauer uniform n=120,u120_12,FFD,49.0,48.0,proven optimum,False,0.020833333333333332,48.0,False,True,0.0006086659850552678,,,,,,,
L3 loading (BPP),Falkenauer uniform n=120,u120_12,BFD,49.0,48.0,proven optimum,False,0.020833333333333332,48.0,False,True,0.0006510410457849503,,,,,,,
L3 loading (BPP),Falkenauer uniform n=120,u120_12,"column generation (+dive, +arc-flow)",48.0,48.0,proven optimum,True,0.0,48.0,True,True,0.4196244589984417,,,47.86666666666667,,205.0,True,False
L3 loading (BPP),Falkenauer uniform n=120,u120_13,FFD,49.0,49.0,proven optimum,True,0.0,49.0,True,True,0.0006245420081540942,,,,,,,
L3 loading (BPP),Falkenauer uniform n=120,u120_13,BFD,49.0,49.0,proven optimum,True,0.0,49.0,True,True,0.0006360840052366257,,,,,,,
L3 loading (BPP),Falkenauer uniform n=120,u120_13,"column generation (+dive, +arc-flow)",49.0,49.0,proven optimum,True,0.0,49.0,True,True,0.16067533299792558,,,48.013333333333314,,190.0,False,False
L3 loading (BPP),Falkenauer uniform n=120,u120_14,FFD,50.0,50.0,proven optimum,True,0.0,50.0,True,True,0.0005923330318182707,,,,,,,
L3 loading (BPP),Falkenauer uniform n=120,u120_14,BFD,50.0,50.0,proven optimum,True,0.0,50.0,True,True,0.0006866249605081975,,,,,,,
L3 loading (BPP),Falkenauer uniform n=120,u120_14,"column generation (+dive, +arc-flow)",50.0,50.0,proven optimum,True,0.0,50.0,True,True,0.216518624976743,,,49.17006802721089,,221.0,False,False
L3 loading (BPP),Falkenauer uniform n=120,u120_15,FFD,49.0,48.0,proven optimum,False,0.020833333333333332,48.0,False,True,0.0005912499618716538,,,,,,,
L3 loading (BPP),Falkenauer uniform n=120,u120_15,BFD,49.0,48.0,proven optimum,False,0.020833333333333332,48.0,False,True,0.0006359589751809835,,,,,,,
L3 loading (BPP),Falkenauer uniform n=120,u120_15,"column generation (+dive, +arc-flow)",48.0,48.0,proven optimum,True,0.0,48.0,True,True,0.1960464579751715,,,47.38405797101451,,218.0,False,False
L3 loading (BPP),Falkenauer uniform n=120,u120_16,FFD,52.0,52.0,proven optimum,True,0.0,52.0,True,True,0.0006329159950837493,,,,,,,
L3 loading (BPP),Falkenauer uniform n=120,u120_16,BFD,52.0,52.0,proven optimum,True,0.0,52.0,True,True,0.0006615829770453274,,,,,,,
L3 loading (BPP),Falkenauer uniform n=120,u120_16,"column generation (+dive, +arc-flow)",52.0,52.0,proven optimum,True,0.0,52.0,True,True,0.12026920903008431,,,51.333333333333336,,223.0,False,False
L3 loading (BPP),Falkenauer uniform n=120,u120_17,FFD,53.0,52.0,proven optimum,False,0.019230769230769232,52.0,False,True,0.0006308750016614795,,,,,,,
L3 loading (BPP),Falkenauer uniform n=120,u120_17,BFD,53.0,52.0,proven optimum,False,0.019230769230769232,52.0,False,True,0.0006469590007327497,,,,,,,
L3 loading (BPP),Falkenauer uniform n=120,u120_17,"column generation (+dive, +arc-flow)",52.0,52.0,proven optimum,True,0.0,52.0,True,True,0.10134275001473725,,,51.5,,190.0,False,False
L3 loading (BPP),Falkenauer uniform n=120,u120_18,FFD,50.0,49.0,proven optimum,False,0.02040816326530612,49.0,False,True,0.000621457991655916,,,,,,,
L3 loading (BPP),Falkenauer uniform n=120,u120_18,BFD,50.0,49.0,proven optimum,False,0.02040816326530612,49.0,False,True,0.0006456249975599349,,,,,,,
L3 loading (BPP),Falkenauer uniform n=120,u120_18,"column generation (+dive, +arc-flow)",49.0,49.0,proven optimum,True,0.0,49.0,True,True,0.12973899999633431,,,48.38150289017341,,225.0,False,False
L3 loading (BPP),Falkenauer uniform n=120,u120_19,FFD,50.0,50.0,best known,True,0.0,49.0,False,True,0.0006169999833218753,,,,,,,
L3 loading (BPP),Falkenauer uniform n=120,u120_19,BFD,50.0,50.0,best known,True,0.0,49.0,False,True,0.0006489169900305569,,,,,,,
L3 loading (BPP),Falkenauer uniform n=120,u120_19,"column generation (+dive, +arc-flow)",49.0,50.0,best known,True,-0.02,49.0,True,True,0.3762583340285346,,,48.86394557823131,,220.0,False,False
L3 loading (BPP),Falkenauer uniform n=250,u250_00,FFD,100.0,99.0,proven optimum,False,0.010101010101010102,99.0,False,True,0.0016254580114036798,,,,,,,
L3 loading (BPP),Falkenauer uniform n=250,u250_00,BFD,100.0,99.0,proven optimum,False,0.010101010101010102,99.0,False,True,0.0016593749751336873,,,,,,,
L3 loading (BPP),Falkenauer uniform n=250,u250_00,"column generation (+dive, +arc-flow)",99.0,99.0,proven optimum,True,0.0,99.0,True,True,0.2212547499802895,,,98.55333333333336,,211.0,False,False
L3 loading (BPP),Falkenauer uniform n=250,u250_01,FFD,101.0,100.0,proven optimum,False,0.01,100.0,False,True,0.0016379169537685812,,,,,,,
L3 loading (BPP),Falkenauer uniform n=250,u250_01,BFD,101.0,100.0,proven optimum,False,0.01,100.0,False,True,0.0017535830265842378,,,,,,,
L3 loading (BPP),Falkenauer uniform n=250,u250_01,"column generation (+dive, +arc-flow)",100.0,100.0,proven optimum,True,0.0,100.0,True,True,0.3303905000211671,,,99.02666666666667,,232.0,False,False
L3 loading (BPP),Falkenauer uniform n=250,u250_02,FFD,104.0,102.0,proven optimum,False,0.0196078431372549,102.0,False,True,0.0016583750257268548,,,,,,,
L3 loading (BPP),Falkenauer uniform n=250,u250_02,BFD,104.0,102.0,proven optimum,False,0.0196078431372549,102.0,False,True,0.0017182499868795276,,,,,,,
L3 loading (BPP),Falkenauer uniform n=250,u250_02,"column generation (+dive, +arc-flow)",102.0,102.0,proven optimum,True,0.0,102.0,True,True,0.13477362494450063,,,101.42176870748303,,243.0,False,False
L3 loading (BPP),Falkenauer uniform n=250,u250_03,FFD,101.0,100.0,proven optimum,False,0.01,100.0,False,True,0.0016210420290008187,,,,,,,
L3 loading (BPP),Falkenauer uniform n=250,u250_03,BFD,101.0,100.0,proven optimum,False,0.01,100.0,False,True,0.0016973750316537917,,,,,,,
L3 loading (BPP),Falkenauer uniform n=250,u250_03,"column generation (+dive, +arc-flow)",100.0,100.0,proven optimum,True,0.0,100.0,True,True,0.9675177910248749,,,99.4266666666667,,217.0,False,False
L3 loading (BPP),Falkenauer uniform n=250,u250_04,FFD,102.0,101.0,proven optimum,False,0.009900990099009901,101.0,False,True,0.001605957979336381,,,,,,,
L3 loading (BPP),Falkenauer uniform n=250,u250_04,BFD,102.0,101.0,proven optimum,False,0.009900990099009901,101.0,False,True,0.001689666009042412,,,,,,,
L3 loading (BPP),Falkenauer uniform n=250,u250_04,"column generation (+dive, +arc-flow)",101.0,101.0,proven optimum,True,0.0,101.0,True,True,1.0892471249680966,,,100.61333333333336,,220.0,False,False
L3 loading (BPP),Falkenauer uniform n=250,u250_05,FFD,104.0,101.0,proven optimum,False,0.0297029702970297,101.0,False,True,0.0016591669991612434,,,,,,,
L3 loading (BPP),Falkenauer uniform n=250,u250_05,BFD,104.0,101.0,proven optimum,False,0.0297029702970297,101.0,False,True,0.0017254999838769436,,,,,,,
L3 loading (BPP),Falkenauer uniform n=250,u250_05,"column generation (+dive, +arc-flow)",101.0,101.0,proven optimum,True,0.0,101.0,True,True,0.35251191700808704,,,100.82666666666665,,243.0,False,False
L3 loading (BPP),Falkenauer uniform n=250,u250_06,FFD,103.0,102.0,proven optimum,False,0.00980392156862745,102.0,False,True,0.0017143329605460167,,,,,,,
L3 loading (BPP),Falkenauer uniform n=250,u250_06,BFD,103.0,102.0,proven optimum,False,0.00980392156862745,102.0,False,True,0.0016663330025039613,,,,,,,
L3 loading (BPP),Falkenauer uniform n=250,u250_06,"column generation (+dive, +arc-flow)",102.0,102.0,proven optimum,True,0.0,102.0,True,True,0.46701587503775954,,,101.02666666666663,,216.0,False,False
L3 loading (BPP),Falkenauer uniform n=250,u250_07,FFD,105.0,104.0,best known,False,0.009615384615384616,103.0,False,True,0.0016169580048881471,,,,,,,
L3 loading (BPP),Falkenauer uniform n=250,u250_07,BFD,105.0,104.0,best known,False,0.009615384615384616,103.0,False,True,0.0017147500184364617,,,,,,,
L3 loading (BPP),Falkenauer uniform n=250,u250_07,"column generation (+dive, +arc-flow)",103.0,104.0,best known,True,-0.009615384615384616,103.0,True,True,0.16309337498387322,,,102.88518518518521,,235.0,False,False
L3 loading (BPP),Falkenauer uniform n=250,u250_08,FFD,107.0,105.0,proven optimum,False,0.01904761904761905,105.0,False,True,0.0016352079692296684,,,,,,,
L3 loading (BPP),Falkenauer uniform n=250,u250_08,BFD,107.0,105.0,proven optimum,False,0.01904761904761905,105.0,False,True,0.0017325829830951989,,,,,,,
L3 loading (BPP),Falkenauer uniform n=250,u250_08,"column generation (+dive, +arc-flow)",105.0,105.0,proven optimum,True,0.0,105.0,True,True,0.30855045799398795,,,104.91836734693878,,252.0,False,False
L3 loading (BPP),Falkenauer uniform n=250,u250_09,FFD,102.0,101.0,proven optimum,False,0.009900990099009901,101.0,False,True,0.0017432919703423977,,,,,,,
L3 loading (BPP),Falkenauer uniform n=250,u250_09,BFD,102.0,101.0,proven optimum,False,0.009900990099009901,101.0,False,True,0.0017437090282328427,,,,,,,
L3 loading (BPP),Falkenauer uniform n=250,u250_09,"column generation (+dive, +arc-flow)",101.0,101.0,proven optimum,True,0.0,101.0,True,True,0.25931245897663757,,,100.20138888888889,,240.0,False,False
L3 loading (BPP),Falkenauer uniform n=250,u250_10,FFD,106.0,105.0,proven optimum,False,0.009523809523809525,105.0,False,True,0.0016781670274212956,,,,,,,
L3 loading (BPP),Falkenauer uniform n=250,u250_10,BFD,106.0,105.0,proven optimum,False,0.009523809523809525,105.0,False,True,0.0017753749853000045,,,,,,,
L3 loading (BPP),Falkenauer uniform n=250,u250_10,"column generation (+dive, +arc-flow)",105.0,105.0,proven optimum,True,0.0,105.0,True,True,0.15748950000852346,,,104.39455782312926,,234.0,False,False
L3 loading (BPP),Falkenauer uniform n=250,u250_11,FFD,103.0,101.0,proven optimum,False,0.019801980198019802,101.0,False,True,0.0016556670307181776,,,,,,,
L3 loading (BPP),Falkenauer uniform n=250,u250_11,BFD,103.0,101.0,proven optimum,False,0.019801980198019802,101.0,False,True,0.0018031660001724958,,,,,,,
L3 loading (BPP),Falkenauer uniform n=250,u250_11,"column generation (+dive, +arc-flow)",101.0,101.0,proven optimum,True,0.0,101.0,True,True,0.25579008396016434,,,100.71333333333332,,260.0,False,False
L3 loading (BPP),Falkenauer uniform n=250,u250_12,FFD,107.0,106.0,best known,False,0.009433962264150943,105.0,False,True,0.0017733330023474991,,,,,,,
L3 loading (BPP),Falkenauer uniform n=250,u250_12,BFD,107.0,106.0,best known,False,0.009433962264150943,105.0,False,True,0.0017474169726483524,,,,,,,
L3 loading (BPP),Falkenauer uniform n=250,u250_12,"column generation (+dive, +arc-flow)",105.0,106.0,best known,True,-0.009433962264150943,105.0,True,True,0.22639791603432968,,,104.97716229348885,,251.0,False,False
L3 loading (BPP),Falkenauer uniform n=250,u250_13,FFD,104.0,103.0,best known,False,0.009708737864077669,102.0,False,True,0.0016721670399419963,,,,,,,
L3 loading (BPP),Falkenauer uniform n=250,u250_13,BFD,104.0,103.0,best known,False,0.009708737864077669,102.0,False,True,0.0018550840322859585,,,,,,,
L3 loading (BPP),Falkenauer uniform n=250,u250_13,"column generation (+dive, +arc-flow)",103.0,103.0,best known,True,0.0,103.0,True,True,0.14599116699537262,,,102.04065040650407,,240.0,False,False
L3 loading (BPP),Falkenauer uniform n=250,u250_14,FFD,101.0,100.0,proven optimum,False,0.01,100.0,False,True,0.0016389579977840185,,,,,,,
L3 loading (BPP),Falkenauer uniform n=250,u250_14,BFD,101.0,100.0,proven optimum,False,0.01,100.0,False,True,0.0017451660241931677,,,,,,,
L3 loading (BPP),Falkenauer uniform n=250,u250_14,"column generation (+dive, +arc-flow)",100.0,100.0,proven optimum,True,0.0,100.0,True,True,0.17143699998268858,,,99.16666666666663,,241.0,False,False
L3 loading (BPP),Falkenauer uniform n=250,u250_15,FFD,107.0,105.0,proven optimum,False,0.01904761904761905,105.0,False,True,0.0016814589616842568,,,,,,,
L3 loading (BPP),Falkenauer uniform n=250,u250_15,BFD,107.0,105.0,proven optimum,False,0.01904761904761905,105.0,False,True,0.0017632920062169433,,,,,,,
L3 loading (BPP),Falkenauer uniform n=250,u250_15,"column generation (+dive, +arc-flow)",105.0,105.0,proven optimum,True,0.0,105.0,True,True,0.14256483304779977,,,104.86111111111109,,248.0,False,False
L3 loading (BPP),Falkenauer uniform n=250,u250_16,FFD,99.0,97.0,proven optimum,False,0.020618556701030927,97.0,False,True,0.0016152919852174819,,,,,,,
L3 loading (BPP),Falkenauer uniform n=250,u250_16,BFD,99.0,97.0,proven optimum,False,0.020618556701030927,97.0,False,True,0.0016731669893488288,,,,,,,
L3 loading (BPP),Falkenauer uniform n=250,u250_16,"column generation (+dive, +arc-flow)",97.0,97.0,proven optimum,True,0.0,97.0,True,True,0.1802427499787882,,,96.51333333333336,,228.0,False,False
L3 loading (BPP),Falkenauer uniform n=250,u250_17,FFD,101.0,100.0,proven optimum,False,0.01,100.0,False,True,0.001628416997846216,,,,,,,
L3 loading (BPP),Falkenauer uniform n=250,u250_17,BFD,101.0,100.0,proven optimum,False,0.01,100.0,False,True,0.0016705839661881328,,,,,,,
L3 loading (BPP),Falkenauer uniform n=250,u250_17,"column generation (+dive, +arc-flow)",100.0,100.0,proven optimum,True,0.0,100.0,True,True,0.21618095901794732,,,99.16666666666667,,235.0,False,False
L3 loading (BPP),Falkenauer uniform n=250,u250_18,FFD,102.0,100.0,proven optimum,False,0.02,100.0,False,True,0.0016043749637901783,,,,,,,
L3 loading (BPP),Falkenauer uniform n=250,u250_18,BFD,102.0,100.0,proven optimum,False,0.02,100.0,False,True,0.0017083329730667174,,,,,,,
L3 loading (BPP),Falkenauer uniform n=250,u250_18,"column generation (+dive, +arc-flow)",100.0,100.0,proven optimum,True,0.0,100.0,True,True,0.5244049579487182,,,99.7,,246.0,False,False
L3 loading (BPP),Falkenauer uniform n=250,u250_19,FFD,103.0,102.0,proven optimum,False,0.00980392156862745,102.0,False,True,0.0015406250022351742,,,,,,,
L3 loading (BPP),Falkenauer uniform n=250,u250_19,BFD,103.0,102.0,proven optimum,False,0.00980392156862745,102.0,False,True,0.0016764579922892153,,,,,,,
L3 loading (BPP),Falkenauer uniform n=250,u250_19,"column generation (+dive, +arc-flow)",102.0,102.0,proven optimum,True,0.0,102.0,True,True,0.5773337089922279,,,101.35999999999999,,243.0,False,False
L3 loading (BPP),Falkenauer uniform n=500,u500_00,FFD,201.0,198.0,proven optimum,False,0.015151515151515152,198.0,False,True,0.005147541989572346,,,,,,,
L3 loading (BPP),Falkenauer uniform n=500,u500_00,BFD,201.0,198.0,proven optimum,False,0.015151515151515152,198.0,False,True,0.005235082993749529,,,,,,,
L3 loading (BPP),Falkenauer uniform n=500,u500_00,"column generation (+dive, +arc-flow)",198.0,198.0,proven optimum,True,0.0,198.0,True,True,0.4163384590065107,,,197.58000000000004,,229.0,False,False
L3 loading (BPP),Falkenauer uniform n=500,u500_01,FFD,204.0,201.0,proven optimum,False,0.014925373134328358,201.0,False,True,0.005046541977208108,,,,,,,
L3 loading (BPP),Falkenauer uniform n=500,u500_01,BFD,204.0,201.0,proven optimum,False,0.014925373134328358,201.0,False,True,0.0053480000351555645,,,,,,,
L3 loading (BPP),Falkenauer uniform n=500,u500_01,"column generation (+dive, +arc-flow)",201.0,201.0,proven optimum,True,0.0,201.0,True,True,0.6317637910251506,,,200.84666666666672,,225.0,False,False
L3 loading (BPP),Falkenauer uniform n=500,u500_02,FFD,205.0,202.0,proven optimum,False,0.01485148514851485,202.0,False,True,0.0049204169772565365,,,,,,,
L3 loading (BPP),Falkenauer uniform n=500,u500_02,BFD,205.0,202.0,proven optimum,False,0.01485148514851485,202.0,False,True,0.005154000013135374,,,,,,,
L3 loading (BPP),Falkenauer uniform n=500,u500_02,"column generation (+dive, +arc-flow)",202.0,202.0,proven optimum,True,0.0,202.0,True,True,0.48507770901778713,,,201.44,,226.0,False,False
L3 loading (BPP),Falkenauer uniform n=500,u500_03,FFD,207.0,204.0,proven optimum,False,0.014705882352941176,204.0,False,True,0.005052499996963888,,,,,,,
L3 loading (BPP),Falkenauer uniform n=500,u500_03,BFD,207.0,204.0,proven optimum,False,0.014705882352941176,204.0,False,True,0.00527916697319597,,,,,,,
L3 loading (BPP),Falkenauer uniform n=500,u500_03,"column generation (+dive, +arc-flow)",204.0,204.0,proven optimum,True,0.0,204.0,True,True,0.4855165840126574,,,203.81333333333333,,227.0,False,False
L3 loading (BPP),Falkenauer uniform n=500,u500_04,FFD,209.0,206.0,proven optimum,False,0.014563106796116505,206.0,False,True,0.0052664579707197845,,,,,,,
L3 loading (BPP),Falkenauer uniform n=500,u500_04,BFD,209.0,206.0,proven optimum,False,0.014563106796116505,206.0,False,True,0.005342499993275851,,,,,,,
L3 loading (BPP),Falkenauer uniform n=500,u500_04,"column generation (+dive, +arc-flow)",206.0,206.0,proven optimum,True,0.0,206.0,True,True,0.20940941700246185,,,205.11333333333332,,230.0,False,False
L3 loading (BPP),Falkenauer uniform n=500,u500_05,FFD,207.0,206.0,proven optimum,False,0.0048543689320388345,206.0,False,True,0.00508941599400714,,,,,,,
L3 loading (BPP),Falkenauer uniform n=500,u500_05,BFD,207.0,206.0,proven optimum,False,0.0048543689320388345,206.0,False,True,0.005241959006525576,,,,,,,
L3 loading (BPP),Falkenauer uniform n=500,u500_05,"column generation (+dive, +arc-flow)",206.0,206.0,proven optimum,True,0.0,206.0,True,True,0.1590504590421915,,,205.08666666666664,,229.0,False,False
L3 loading (BPP),Falkenauer uniform n=500,u500_06,FFD,210.0,207.0,proven optimum,False,0.014492753623188406,207.0,False,True,0.005213375028688461,,,,,,,
L3 loading (BPP),Falkenauer uniform n=500,u500_06,BFD,210.0,207.0,proven optimum,False,0.014492753623188406,207.0,False,True,0.005237375036813319,,,,,,,
L3 loading (BPP),Falkenauer uniform n=500,u500_06,"column generation (+dive, +arc-flow)",207.0,207.0,proven optimum,True,0.0,207.0,True,True,0.350759916997049,,,206.90579710144928,,226.0,False,False
L3 loading (BPP),Falkenauer uniform n=500,u500_07,FFD,207.0,204.0,proven optimum,False,0.014705882352941176,204.0,False,True,0.005160166008863598,,,,,,,
L3 loading (BPP),Falkenauer uniform n=500,u500_07,BFD,207.0,204.0,proven optimum,False,0.014705882352941176,204.0,False,True,0.005346792051568627,,,,,,,
L3 loading (BPP),Falkenauer uniform n=500,u500_07,"column generation (+dive, +arc-flow)",204.0,204.0,proven optimum,True,0.0,204.0,True,True,0.21949216700159013,,,203.98,,216.0,True,False
L3 loading (BPP),Falkenauer uniform n=500,u500_08,FFD,199.0,196.0,proven optimum,False,0.015306122448979591,196.0,False,True,0.0049845000030472875,,,,,,,
L3 loading (BPP),Falkenauer uniform n=500,u500_08,BFD,199.0,196.0,proven optimum,False,0.015306122448979591,196.0,False,True,0.005113082996103913,,,,,,,
L3 loading (BPP),Falkenauer uniform n=500,u500_08,"column generation (+dive, +arc-flow)",196.0,196.0,proven optimum,True,0.0,196.0,True,True,1.1262849170016125,,,195.68000000000006,,219.0,False,False
L3 loading (BPP),Falkenauer uniform n=500,u500_09,FFD,204.0,202.0,proven optimum,False,0.009900990099009901,202.0,False,True,0.004958000034093857,,,,,,,
L3 loading (BPP),Falkenauer uniform n=500,u500_09,BFD,204.0,202.0,proven optimum,False,0.009900990099009901,202.0,False,True,0.005101874994579703,,,,,,,
L3 loading (BPP),Falkenauer uniform n=500,u500_09,"column generation (+dive, +arc-flow)",202.0,202.0,proven optimum,True,0.0,202.0,True,True,0.421463834005408,,,201.06,,220.0,False,False
L3 loading (BPP),Falkenauer uniform n=500,u500_10,FFD,202.0,200.0,proven optimum,False,0.01,200.0,False,True,0.00490929203806445,,,,,,,
L3 loading (BPP),Falkenauer uniform n=500,u500_10,BFD,202.0,200.0,proven optimum,False,0.01,200.0,False,True,0.005142791022080928,,,,,,,
L3 loading (BPP),Falkenauer uniform n=500,u500_10,"column generation (+dive, +arc-flow)",200.0,200.0,proven optimum,True,0.0,200.0,True,True,1.2236814579810016,,,199.0666666666667,,214.0,False,False
L3 loading (BPP),Falkenauer uniform n=500,u500_11,FFD,203.0,200.0,proven optimum,False,0.015,200.0,False,True,0.005112832994200289,,,,,,,
L3 loading (BPP),Falkenauer uniform n=500,u500_11,BFD,203.0,200.0,proven optimum,False,0.015,200.0,False,True,0.005136041028890759,,,,,,,
L3 loading (BPP),Falkenauer uniform n=500,u500_11,"column generation (+dive, +arc-flow)",200.0,200.0,proven optimum,True,0.0,200.0,True,True,0.6828394170152023,,,199.42666666666668,,220.0,False,False
L3 loading (BPP),Falkenauer uniform n=500,u500_12,FFD,202.0,199.0,proven optimum,False,0.01507537688442211,199.0,False,True,0.004980916972272098,,,,,,,
L3 loading (BPP),Falkenauer uniform n=500,u500_12,BFD,202.0,199.0,proven optimum,False,0.01507537688442211,199.0,False,True,0.005395832995418459,,,,,,,
L3 loading (BPP),Falkenauer uniform n=500,u500_12,"column generation (+dive, +arc-flow)",199.0,199.0,proven optimum,True,0.0,199.0,True,True,1.9176850420190021,,,198.62000000000003,,221.0,False,False
L3 loading (BPP),Falkenauer uniform n=500,u500_13,FFD,198.0,196.0,proven optimum,False,0.01020408163265306,196.0,False,True,0.004992291971575469,,,,,,,
L3 loading (BPP),Falkenauer uniform n=500,u500_13,BFD,198.0,196.0,proven optimum,False,0.01020408163265306,196.0,False,True,0.005089583981316537,,,,,,,
L3 loading (BPP),Falkenauer uniform n=500,u500_13,"column generation (+dive, +arc-flow)",196.0,196.0,proven optimum,True,0.0,196.0,True,True,0.3708539999788627,,,195.58666666666662,,205.0,False,False
L3 loading (BPP),Falkenauer uniform n=500,u500_14,FFD,206.0,204.0,proven optimum,False,0.00980392156862745,204.0,False,True,0.005025625054258853,,,,,,,
L3 loading (BPP),Falkenauer uniform n=500,u500_14,BFD,206.0,204.0,proven optimum,False,0.00980392156862745,204.0,False,True,0.00525133399059996,,,,,,,
L3 loading (BPP),Falkenauer uniform n=500,u500_14,"column generation (+dive, +arc-flow)",204.0,204.0,proven optimum,True,0.0,204.0,True,True,0.22471187502378598,,,203.02666666666664,,229.0,False,False
L3 loading (BPP),Falkenauer uniform n=500,u500_15,FFD,204.0,201.0,proven optimum,False,0.014925373134328358,201.0,False,True,0.004946125030983239,,,,,,,
L3 loading (BPP),Falkenauer uniform n=500,u500_15,BFD,204.0,201.0,proven optimum,False,0.014925373134328358,201.0,False,True,0.005064666038379073,,,,,,,
L3 loading (BPP),Falkenauer uniform n=500,u500_15,"column generation (+dive, +arc-flow)",201.0,201.0,proven optimum,True,0.0,201.0,True,True,0.4483322500018403,,,200.13333333333333,,220.0,False,False
L3 loading (BPP),Falkenauer uniform n=500,u500_16,FFD,205.0,202.0,proven optimum,False,0.01485148514851485,202.0,False,True,0.0049989999970421195,,,,,,,
L3 loading (BPP),Falkenauer uniform n=500,u500_16,BFD,205.0,202.0,proven optimum,False,0.01485148514851485,202.0,False,True,0.005196416983380914,,,,,,,
L3 loading (BPP),Falkenauer uniform n=500,u500_16,"column generation (+dive, +arc-flow)",202.0,202.0,proven optimum,True,0.0,202.0,True,True,0.19956783298403025,,,201.0066666666666,,220.0,False,False
L3 loading (BPP),Falkenauer uniform n=500,u500_17,FFD,201.0,198.0,proven optimum,False,0.015151515151515152,198.0,False,True,0.0054264580248855054,,,,,,,
L3 loading (BPP),Falkenauer uniform n=500,u500_17,BFD,201.0,198.0,proven optimum,False,0.015151515151515152,198.0,False,True,0.005126874952111393,,,,,,,
L3 loading (BPP),Falkenauer uniform n=500,u500_17,"column generation (+dive, +arc-flow)",198.0,198.0,proven optimum,True,0.0,198.0,True,True,0.3577794579905458,,,197.42666666666665,,220.0,False,False
L3 loading (BPP),Falkenauer uniform n=500,u500_18,FFD,205.0,202.0,proven optimum,False,0.01485148514851485,202.0,False,True,0.0052249590517021716,,,,,,,
L3 loading (BPP),Falkenauer uniform n=500,u500_18,BFD,205.0,202.0,proven optimum,False,0.01485148514851485,202.0,False,True,0.005368584010284394,,,,,,,
L3 loading (BPP),Falkenauer uniform n=500,u500_18,"column generation (+dive, +arc-flow)",202.0,202.0,proven optimum,True,0.0,202.0,True,True,1.5841562090208754,,,201.29333333333338,,213.0,False,False
L3 loading (BPP),Falkenauer uniform n=500,u500_19,FFD,199.0,196.0,proven optimum,False,0.015306122448979591,196.0,False,True,0.005024207988753915,,,,,,,
L3 loading (BPP),Falkenauer uniform n=500,u500_19,BFD,199.0,196.0,proven optimum,False,0.015306122448979591,196.0,False,True,0.005187166971154511,,,,,,,
L3 loading (BPP),Falkenauer uniform n=500,u500_19,"column generation (+dive, +arc-flow)",196.0,196.0,proven optimum,True,0.0,196.0,True,True,0.44312274997355416,,,195.63333333333335,,215.0,False,False
L3 loading (BPP),Falkenauer uniform n=1000,u1000_00,FFD,403.0,399.0,proven optimum,False,0.010025062656641603,399.0,False,True,0.01705304195638746,,,,,,,
L3 loading (BPP),Falkenauer uniform n=1000,u1000_00,BFD,403.0,399.0,proven optimum,False,0.010025062656641603,399.0,False,True,0.01718245801748708,,,,,,,
L3 loading (BPP),Falkenauer uniform n=1000,u1000_00,"column generation (+dive, +arc-flow)",399.0,399.0,proven optimum,True,0.0,399.0,True,True,1.1069930840167217,,,398.4266666666666,,211.0,False,False
L3 loading (BPP),Falkenauer uniform n=1000,u1000_01,FFD,411.0,406.0,proven optimum,False,0.012315270935960592,406.0,False,True,0.017586207948625088,,,,,,,
L3 loading (BPP),Falkenauer uniform n=1000,u1000_01,BFD,411.0,406.0,proven optimum,False,0.012315270935960592,406.0,False,True,0.017551500000990927,,,,,,,
L3 loading (BPP),Falkenauer uniform n=1000,u1000_01,"column generation (+dive, +arc-flow)",406.0,406.0,proven optimum,True,0.0,406.0,True,True,0.9641530000371858,,,405.25333333333356,,216.0,False,False
L3 loading (BPP),Falkenauer uniform n=1000,u1000_02,FFD,416.0,411.0,proven optimum,False,0.012165450121654502,411.0,False,True,0.018087208969518542,,,,,,,
L3 loading (BPP),Falkenauer uniform n=1000,u1000_02,BFD,416.0,411.0,proven optimum,False,0.012165450121654502,411.0,False,True,0.01814645796548575,,,,,,,
L3 loading (BPP),Falkenauer uniform n=1000,u1000_02,"column generation (+dive, +arc-flow)",411.0,411.0,proven optimum,True,0.0,411.0,True,True,0.2847141249803826,,,410.2,,217.0,False,False
L3 loading (BPP),Falkenauer uniform n=1000,u1000_03,FFD,416.0,411.0,proven optimum,False,0.012165450121654502,411.0,False,True,0.01794079103274271,,,,,,,
L3 loading (BPP),Falkenauer uniform n=1000,u1000_03,BFD,416.0,411.0,proven optimum,False,0.012165450121654502,411.0,False,True,0.01821033301530406,,,,,,,
L3 loading (BPP),Falkenauer uniform n=1000,u1000_03,"column generation (+dive, +arc-flow)",411.0,411.0,proven optimum,True,0.0,411.0,True,True,0.7763815840007737,,,410.8666666666667,,218.0,False,False
L3 loading (BPP),Falkenauer uniform n=1000,u1000_04,FFD,402.0,397.0,proven optimum,False,0.012594458438287154,397.0,False,True,0.017016416997648776,,,,,,,
L3 loading (BPP),Falkenauer uniform n=1000,u1000_04,BFD,402.0,397.0,proven optimum,False,0.012594458438287154,397.0,False,True,0.017406457976903766,,,,,,,
L3 loading (BPP),Falkenauer uniform n=1000,u1000_04,"column generation (+dive, +arc-flow)",397.0,397.0,proven optimum,True,0.0,397.0,True,True,0.6596062500029802,,,396.74000000000007,,220.0,False,False
L3 loading (BPP),Falkenauer uniform n=1000,u1000_05,FFD,404.0,399.0,proven optimum,False,0.012531328320802004,399.0,False,True,0.017083834041841328,,,,,,,
L3 loading (BPP),Falkenauer uniform n=1000,u1000_05,BFD,404.0,399.0,proven optimum,False,0.012531328320802004,399.0,False,True,0.017336416989564896,,,,,,,
L3 loading (BPP),Falkenauer uniform n=1000,u1000_05,"column generation (+dive, +arc-flow)",399.0,399.0,proven optimum,True,0.0,399.0,True,True,1.8556222500046715,,,398.4933333333334,,211.0,False,False
L3 loading (BPP),Falkenauer uniform n=1000,u1000_06,FFD,399.0,395.0,proven optimum,False,0.010126582278481013,395.0,False,True,0.017300291045103222,,,,,,,
L3 loading (BPP),Falkenauer uniform n=1000,u1000_06,BFD,399.0,395.0,proven optimum,False,0.010126582278481013,395.0,False,True,0.01790483295917511,,,,,,,
L3 loading (BPP),Falkenauer uniform n=1000,u1000_06,"column generation (+dive, +arc-flow)",395.0,395.0,proven optimum,True,0.0,395.0,True,True,0.5442832080298103,,,394.2066666666668,,205.0,False,False
L3 loading (BPP),Falkenauer uniform n=1000,u1000_07,FFD,408.0,404.0,proven optimum,False,0.009900990099009901,404.0,False,True,0.01703995798015967,,,,,,,
L3 loading (BPP),Falkenauer uniform n=1000,u1000_07,BFD,408.0,404.0,proven optimum,False,0.009900990099009901,404.0,False,True,0.017584000015631318,,,,,,,
L3 loading (BPP),Falkenauer uniform n=1000,u1000_07,"column generation (+dive, +arc-flow)",404.0,404.0,proven optimum,True,0.0,404.0,True,True,0.44680241600144655,,,403.15999999999997,,216.0,False,False
L3 loading (BPP),Falkenauer uniform n=1000,u1000_08,FFD,404.0,399.0,proven optimum,False,0.012531328320802004,399.0,False,True,0.017277541977819055,,,,,,,
L3 loading (BPP),Falkenauer uniform n=1000,u1000_08,BFD,404.0,399.0,proven optimum,False,0.012531328320802004,399.0,False,True,0.01744770898949355,,,,,,,
L3 loading (BPP),Falkenauer uniform n=1000,u1000_08,"column generation (+dive, +arc-flow)",399.0,399.0,proven optimum,True,0.0,399.0,True,True,0.4328629169613123,,,398.43333333333317,,217.0,False,False
L3 loading (BPP),Falkenauer uniform n=1000,u1000_09,FFD,404.0,397.0,proven optimum,False,0.017632241813602016,397.0,False,True,0.01763912499882281,,,,,,,
L3 loading (BPP),Falkenauer uniform n=1000,u1000_09,BFD,404.0,397.0,proven optimum,False,0.017632241813602016,397.0,False,True,0.01842266699532047,,,,,,,
L3 loading (BPP),Falkenauer uniform n=1000,u1000_09,"column generation (+dive, +arc-flow)",397.0,397.0,proven optimum,True,0.0,397.0,True,True,0.30547770799603313,,,396.9266666666666,,212.0,True,False
L3 loading (BPP),Falkenauer uniform n=1000,u1000_10,FFD,404.0,400.0,proven optimum,False,0.01,400.0,False,True,0.01719254202907905,,,,,,,
L3 loading (BPP),Falkenauer uniform n=1000,u1000_10,BFD,404.0,400.0,proven optimum,False,0.01,400.0,False,True,0.017657208954915404,,,,,,,
L3 loading (BPP),Falkenauer uniform n=1000,u1000_10,"column generation (+dive, +arc-flow)",400.0,400.0,proven optimum,True,0.0,400.0,True,True,1.018188082962297,,,399.34,,208.0,False,False
L3 loading (BPP),Falkenauer uniform n=1000,u1000_11,FFD,405.0,401.0,proven optimum,False,0.00997506234413965,401.0,False,True,0.017196500033605844,,,,,,,
L3 loading (BPP),Falkenauer uniform n=1000,u1000_11,BFD,405.0,401.0,proven optimum,False,0.00997506234413965,401.0,False,True,0.01811316702514887,,,,,,,
L3 loading (BPP),Falkenauer uniform n=1000,u1000_11,"column generation (+dive, +arc-flow)",401.0,401.0,proven optimum,True,0.0,401.0,True,True,0.27193024998996407,,,400.51999999999975,,215.0,False,False
L3 loading (BPP),Falkenauer uniform n=1000,u1000_12,FFD,398.0,393.0,proven optimum,False,0.01272264631043257,393.0,False,True,0.017146083002444357,,,,,,,
L3 loading (BPP),Falkenauer uniform n=1000,u1000_12,BFD,398.0,393.0,proven optimum,False,0.01272264631043257,393.0,False,True,0.01793708303011954,,,,,,,
L3 loading (BPP),Falkenauer uniform n=1000,u1000_12,"column generation (+dive, +arc-flow)",393.0,393.0,proven optimum,True,0.0,393.0,True,True,1.4675211670110002,,,392.23999999999995,,207.0,False,False
L3 loading (BPP),Falkenauer uniform n=1000,u1000_13,FFD,401.0,396.0,proven optimum,False,0.012626262626262626,396.0,False,True,0.017062124970834702,,,,,,,
L3 loading (BPP),Falkenauer uniform n=1000,u1000_13,BFD,401.0,396.0,proven optimum,False,0.012626262626262626,396.0,False,True,0.017591500014532357,,,,,,,
L3 loading (BPP),Falkenauer uniform n=1000,u1000_13,"column generation (+dive, +arc-flow)",396.0,396.0,proven optimum,True,0.0,396.0,True,True,2.9573837920324877,,,395.27333333333337,,218.0,False,False
L3 loading (BPP),Falkenauer uniform n=1000,u1000_14,FFD,400.0,394.0,proven optimum,False,0.015228426395939087,394.0,False,True,0.01695645903237164,,,,,,,
L3 loading (BPP),Falkenauer uniform n=1000,u1000_14,BFD,400.0,394.0,proven optimum,False,0.015228426395939087,394.0,False,True,0.017869458999484777,,,,,,,
L3 loading (BPP),Falkenauer uniform n=1000,u1000_14,"column generation (+dive, +arc-flow)",394.0,394.0,proven optimum,True,0.0,394.0,True,True,1.2736683749826625,,,393.88666666666666,,211.0,True,False
L3 loading (BPP),Falkenauer uniform n=1000,u1000_15,FFD,408.0,402.0,proven optimum,False,0.014925373134328358,402.0,False,True,0.0177409159950912,,,,,,,
L3 loading (BPP),Falkenauer uniform n=1000,u1000_15,BFD,408.0,402.0,proven optimum,False,0.014925373134328358,402.0,False,True,0.018018500006292015,,,,,,,
L3 loading (BPP),Falkenauer uniform n=1000,u1000_15,"column generation (+dive, +arc-flow)",402.0,402.0,proven optimum,True,0.0,402.0,True,True,0.9412561250501312,,,401.8066666666667,,209.0,True,False
L3 loading (BPP),Falkenauer uniform n=1000,u1000_16,FFD,407.0,404.0,proven optimum,False,0.007425742574257425,404.0,False,True,0.018268292013090104,,,,,,,
L3 loading (BPP),Falkenauer uniform n=1000,u1000_16,BFD,407.0,404.0,proven optimum,False,0.007425742574257425,404.0,False,True,0.01869454199913889,,,,,,,
L3 loading (BPP),Falkenauer uniform n=1000,u1000_16,"column generation (+dive, +arc-flow)",404.0,404.0,proven optimum,True,0.0,404.0,True,True,0.34744995803339407,,,403.02666666666664,,209.0,False,False
L3 loading (BPP),Falkenauer uniform n=1000,u1000_17,FFD,409.0,404.0,proven optimum,False,0.012376237623762377,404.0,False,True,0.01864075002958998,,,,,,,
L3 loading (BPP),Falkenauer uniform n=1000,u1000_17,BFD,409.0,404.0,proven optimum,False,0.012376237623762377,404.0,False,True,0.018681416986510158,,,,,,,
L3 loading (BPP),Falkenauer uniform n=1000,u1000_17,"column generation (+dive, +arc-flow)",404.0,404.0,proven optimum,True,0.0,404.0,True,True,0.2931982920272276,,,403.8,,214.0,True,False
L3 loading (BPP),Falkenauer uniform n=1000,u1000_18,FFD,403.0,399.0,proven optimum,False,0.010025062656641603,399.0,False,True,0.017922041995916516,,,,,,,
L3 loading (BPP),Falkenauer uniform n=1000,u1000_18,BFD,403.0,399.0,proven optimum,False,0.010025062656641603,399.0,False,True,0.018182208004873246,,,,,,,
L3 loading (BPP),Falkenauer uniform n=1000,u1000_18,"column generation (+dive, +arc-flow)",399.0,399.0,proven optimum,True,0.0,399.0,True,True,0.3588121249922551,,,398.1933333333332,,213.0,False,False
L3 loading (BPP),Falkenauer uniform n=1000,u1000_19,FFD,406.0,400.0,proven optimum,False,0.015,400.0,False,True,0.018388667027466,,,,,,,
L3 loading (BPP),Falkenauer uniform n=1000,u1000_19,BFD,406.0,400.0,proven optimum,False,0.015,400.0,False,True,0.018340999959036708,,,,,,,
L3 loading (BPP),Falkenauer uniform n=1000,u1000_19,"column generation (+dive, +arc-flow)",400.0,400.0,proven optimum,True,0.0,400.0,True,True,0.6090422919951379,,,399.3333333333333,,211.0,False,False
L3 loading (BPP),Falkenauer triplet n=60,t60_00,FFD,23.0,20.0,proven optimum,False,0.15,20.0,False,True,0.0003790000337176025,,,,,,,
L3 loading (BPP),Falkenauer triplet n=60,t60_00,BFD,23.0,20.0,proven optimum,False,0.15,20.0,False,True,0.0003720420063473284,,,,,,,
L3 loading (BPP),Falkenauer triplet n=60,t60_00,"column generation (+dive, +arc-flow)",20.0,20.0,proven optimum,True,0.0,20.0,True,True,0.12785387499025092,,,20.0,,228.0,False,False
L3 loading (BPP),Falkenauer triplet n=60,t60_00,compact assignment MIP (10s),21.0,20.0,proven optimum,False,0.05,20.0,False,True,10.00234383402858,,,,,,,
L3 loading (BPP),Falkenauer triplet n=60,t60_01,FFD,23.0,20.0,proven optimum,False,0.15,20.0,False,True,0.0003802080173045397,,,,,,,
L3 loading (BPP),Falkenauer triplet n=60,t60_01,BFD,23.0,20.0,proven optimum,False,0.15,20.0,False,True,0.0003834579838439822,,,,,,,
L3 loading (BPP),Falkenauer triplet n=60,t60_01,"column generation (+dive, +arc-flow)",20.0,20.0,proven optimum,True,0.0,20.0,True,True,0.3536184159456752,,,19.999999999999993,,272.0,True,False
L3 loading (BPP),Falkenauer triplet n=60,t60_01,compact assignment MIP (10s),21.0,20.0,proven optimum,False,0.05,20.0,False,True,10.002795959007926,,,,,,,
L3 loading (BPP),Falkenauer triplet n=60,t60_02,FFD,23.0,20.0,proven optimum,False,0.15,20.0,False,True,0.0003701249952428043,,,,,,,
L3 loading (BPP),Falkenauer triplet n=60,t60_02,BFD,23.0,20.0,proven optimum,False,0.15,20.0,False,True,0.0003731250180862844,,,,,,,
L3 loading (BPP),Falkenauer triplet n=60,t60_02,"column generation (+dive, +arc-flow)",20.0,20.0,proven optimum,True,0.0,20.0,True,True,0.11158787499880418,,,20.0,,217.0,False,False
L3 loading (BPP),Falkenauer triplet n=60,t60_02,compact assignment MIP (10s),21.0,20.0,proven optimum,False,0.05,20.0,False,True,10.002633917029016,,,,,,,
L3 loading (BPP),Falkenauer triplet n=60,t60_03,FFD,23.0,20.0,proven optimum,False,0.15,20.0,False,True,0.000363041996024549,,,,,,,
L3 loading (BPP),Falkenauer triplet n=60,t60_03,BFD,23.0,20.0,proven optimum,False,0.15,20.0,False,True,0.00037533300928771496,,,,,,,
L3 loading (BPP),Falkenauer triplet n=60,t60_03,"column generation (+dive, +arc-flow)",20.0,20.0,proven optimum,True,0.0,20.0,True,True,0.11720129195600748,,,20.000000000000014,,219.0,False,False
L3 loading (BPP),Falkenauer triplet n=60,t60_04,FFD,24.0,20.0,proven optimum,False,0.2,20.0,False,True,0.00035375001607462764,,,,,,,
L3 loading (BPP),Falkenauer triplet n=60,t60_04,BFD,24.0,20.0,proven optimum,False,0.2,20.0,False,True,0.00036462501157075167,,,,,,,
L3 loading (BPP),Falkenauer triplet n=60,t60_04,"column generation (+dive, +arc-flow)",20.0,20.0,proven optimum,True,0.0,20.0,True,True,0.1735674579977058,,,20.0,,221.0,True,False
L3 loading (BPP),Falkenauer triplet n=60,t60_05,FFD,23.0,20.0,proven optimum,False,0.15,20.0,False,True,0.0003590830019675195,,,,,,,
L3 loading (BPP),Falkenauer triplet n=60,t60_05,BFD,23.0,20.0,proven optimum,False,0.15,20.0,False,True,0.0003659999929368496,,,,,,,
L3 loading (BPP),Falkenauer triplet n=60,t60_05,"column generation (+dive, +arc-flow)",20.0,20.0,proven optimum,True,0.0,20.0,True,True,0.13107508298708126,,,20.00000000000002,,236.0,False,False
L3 loading (BPP),Falkenauer triplet n=60,t60_06,FFD,23.0,20.0,proven optimum,False,0.15,20.0,False,True,0.0003676670021377504,,,,,,,
L3 loading (BPP),Falkenauer triplet n=60,t60_06,BFD,23.0,20.0,proven optimum,False,0.15,20.0,False,True,0.00038162502460181713,,,,,,,
L3 loading (BPP),Falkenauer triplet n=60,t60_06,"column generation (+dive, +arc-flow)",20.0,20.0,proven optimum,True,0.0,20.0,True,True,0.7267187079996802,,,20.0,,236.0,False,True
L3 loading (BPP),Falkenauer triplet n=60,t60_07,FFD,23.0,20.0,proven optimum,False,0.15,20.0,False,True,0.00036566704511642456,,,,,,,
L3 loading (BPP),Falkenauer triplet n=60,t60_07,BFD,23.0,20.0,proven optimum,False,0.15,20.0,False,True,0.00041045801481232047,,,,,,,
L3 loading (BPP),Falkenauer triplet n=60,t60_07,"column generation (+dive, +arc-flow)",20.0,20.0,proven optimum,True,0.0,20.0,True,True,0.1902250830316916,,,20.000000000000007,,223.0,True,False
L3 loading (BPP),Falkenauer triplet n=60,t60_08,FFD,23.0,20.0,proven optimum,False,0.15,20.0,False,True,0.0003679159563034773,,,,,,,
L3 loading (BPP),Falkenauer triplet n=60,t60_08,BFD,23.0,20.0,proven optimum,False,0.15,20.0,False,True,0.0003796250093728304,,,,,,,
L3 loading (BPP),Falkenauer triplet n=60,t60_08,"column generation (+dive, +arc-flow)",20.0,20.0,proven optimum,True,0.0,20.0,True,True,0.09570570796495304,,,20.00000000000001,,205.0,False,False
L3 loading (BPP),Falkenauer triplet n=60,t60_09,FFD,23.0,20.0,proven optimum,False,0.15,20.0,False,True,0.0003363749710842967,,,,,,,
L3 loading (BPP),Falkenauer triplet n=60,t60_09,BFD,23.0,20.0,proven optimum,False,0.15,20.0,False,True,0.00036216701846569777,,,,,,,
L3 loading (BPP),Falkenauer triplet n=60,t60_09,"column generation (+dive, +arc-flow)",20.0,20.0,proven optimum,True,0.0,20.0,True,True,0.11421908403281122,,,20.000000000000036,,221.0,False,False
L3 loading (BPP),Falkenauer triplet n=60,t60_10,FFD,23.0,20.0,proven optimum,False,0.15,20.0,False,True,0.0003747919690795243,,,,,,,
L3 loading (BPP),Falkenauer triplet n=60,t60_10,BFD,23.0,20.0,proven optimum,False,0.15,20.0,False,True,0.00039141601882874966,,,,,,,
L3 loading (BPP),Falkenauer triplet n=60,t60_10,"column generation (+dive, +arc-flow)",20.0,20.0,proven optimum,True,0.0,20.0,True,True,0.7321602089796215,,,19.999999999999993,,253.0,False,True
L3 loading (BPP),Falkenauer triplet n=60,t60_11,FFD,24.0,20.0,proven optimum,False,0.2,20.0,False,True,0.0003470410010777414,,,,,,,
L3 loading (BPP),Falkenauer triplet n=60,t60_11,BFD,24.0,20.0,proven optimum,False,0.2,20.0,False,True,0.0003464589826762676,,,,,,,
L3 loading (BPP),Falkenauer triplet n=60,t60_11,"column generation (+dive, +arc-flow)",20.0,20.0,proven optimum,True,0.0,20.0,True,True,0.1410286250174977,,,19.999999999999996,,248.0,False,False
L3 loading (BPP),Falkenauer triplet n=60,t60_12,FFD,23.0,20.0,proven optimum,False,0.15,20.0,False,True,0.0003797500394284725,,,,,,,
L3 loading (BPP),Falkenauer triplet n=60,t60_12,BFD,23.0,20.0,proven optimum,False,0.15,20.0,False,True,0.00038949999725446105,,,,,,,
L3 loading (BPP),Falkenauer triplet n=60,t60_12,"column generation (+dive, +arc-flow)",20.0,20.0,proven optimum,True,0.0,20.0,True,True,0.483333834039513,,,19.999999999999996,,256.0,False,True
L3 loading (BPP),Falkenauer triplet n=60,t60_13,FFD,23.0,20.0,proven optimum,False,0.15,20.0,False,True,0.0003676670021377504,,,,,,,
L3 loading (BPP),Falkenauer triplet n=60,t60_13,BFD,23.0,20.0,proven optimum,False,0.15,20.0,False,True,0.00037220801459625363,,,,,,,
L3 loading (BPP),Falkenauer triplet n=60,t60_13,"column generation (+dive, +arc-flow)",20.0,20.0,proven optimum,True,0.0,20.0,True,True,0.22998124995501712,,,20.0,,231.0,True,False
L3 loading (BPP),Falkenauer triplet n=60,t60_14,FFD,23.0,20.0,proven optimum,False,0.15,20.0,False,True,0.00035987497540190816,,,,,,,
L3 loading (BPP),Falkenauer triplet n=60,t60_14,BFD,23.0,20.0,proven optimum,False,0.15,20.0,False,True,0.0003654169850051403,,,,,,,
L3 loading (BPP),Falkenauer triplet n=60,t60_14,"column generation (+dive, +arc-flow)",20.0,20.0,proven optimum,True,0.0,20.0,True,True,0.11293199995998293,,,20.00000000000002,,225.0,False,False
L3 loading (BPP),Falkenauer triplet n=60,t60_15,FFD,23.0,20.0,proven optimum,False,0.15,20.0,False,True,0.00039075000677257776,,,,,,,
L3 loading (BPP),Falkenauer triplet n=60,t60_15,BFD,23.0,20.0,proven optimum,False,0.15,20.0,False,True,0.000377209042198956,,,,,,,
L3 loading (BPP),Falkenauer triplet n=60,t60_15,"column generation (+dive, +arc-flow)",20.0,20.0,proven optimum,True,0.0,20.0,True,True,0.7171795419999398,,,19.99999999999996,,251.0,False,True
L3 loading (BPP),Falkenauer triplet n=60,t60_16,FFD,24.0,20.0,proven optimum,False,0.2,20.0,False,True,0.00034570798743516207,,,,,,,
L3 loading (BPP),Falkenauer triplet n=60,t60_16,BFD,24.0,20.0,proven optimum,False,0.2,20.0,False,True,0.00036162498872727156,,,,,,,
L3 loading (BPP),Falkenauer triplet n=60,t60_16,"column generation (+dive, +arc-flow)",20.0,20.0,proven optimum,True,0.0,20.0,True,True,0.12723483302397653,,,19.999999999999947,,244.0,False,False
L3 loading (BPP),Falkenauer triplet n=60,t60_17,FFD,24.0,20.0,proven optimum,False,0.2,20.0,False,True,0.0003581670462153852,,,,,,,
L3 loading (BPP),Falkenauer triplet n=60,t60_17,BFD,24.0,20.0,proven optimum,False,0.2,20.0,False,True,0.0003614579909481108,,,,,,,
L3 loading (BPP),Falkenauer triplet n=60,t60_17,"column generation (+dive, +arc-flow)",20.0,20.0,proven optimum,True,0.0,20.0,True,True,0.12815925001632422,,,20.0,,240.0,False,False
L3 loading (BPP),Falkenauer triplet n=60,t60_18,FFD,23.0,20.0,proven optimum,False,0.15,20.0,False,True,0.000369541987311095,,,,,,,
L3 loading (BPP),Falkenauer triplet n=60,t60_18,BFD,23.0,20.0,proven optimum,False,0.15,20.0,False,True,0.0003719580126926303,,,,,,,
L3 loading (BPP),Falkenauer triplet n=60,t60_18,"column generation (+dive, +arc-flow)",20.0,20.0,proven optimum,True,0.0,20.0,True,True,0.13032287498936057,,,20.0,,234.0,False,False
L3 loading (BPP),Falkenauer triplet n=60,t60_19,FFD,23.0,20.0,proven optimum,False,0.15,20.0,False,True,0.00039020803524181247,,,,,,,
L3 loading (BPP),Falkenauer triplet n=60,t60_19,BFD,23.0,20.0,proven optimum,False,0.15,20.0,False,True,0.0004062919761054218,,,,,,,
L3 loading (BPP),Falkenauer triplet n=60,t60_19,"column generation (+dive, +arc-flow)",20.0,20.0,proven optimum,True,0.0,20.0,True,True,0.12257850001333281,,,19.999999999999975,,228.0,False,False
L3 loading (BPP),Falkenauer triplet n=120,t120_00,FFD,45.0,40.0,proven optimum,False,0.125,40.0,False,True,0.0007609170279465616,,,,,,,
L3 loading (BPP),Falkenauer triplet n=120,t120_00,BFD,45.0,40.0,proven optimum,False,0.125,40.0,False,True,0.0007827079971320927,,,,,,,
L3 loading (BPP),Falkenauer triplet n=120,t120_00,"column generation (+dive, +arc-flow)",40.0,40.0,proven optimum,True,0.0,40.0,True,True,2.350562666018959,,,40.000000000000014,,389.0,False,True
L3 loading (BPP),Falkenauer triplet n=120,t120_00,compact assignment MIP (10s),42.0,40.0,proven optimum,False,0.05,40.0,False,True,10.015186415985227,,,,,,,
L3 loading (BPP),Falkenauer triplet n=120,t120_01,FFD,45.0,40.0,proven optimum,False,0.125,40.0,False,True,0.0008378330385312438,,,,,,,
L3 loading (BPP),Falkenauer triplet n=120,t120_01,BFD,45.0,40.0,proven optimum,False,0.125,40.0,False,True,0.0007585000130347908,,,,,,,
L3 loading (BPP),Falkenauer triplet n=120,t120_01,"column generation (+dive, +arc-flow)",40.0,40.0,proven optimum,True,0.0,40.0,True,True,3.249720832973253,,,40.00000000000001,,378.0,False,True
L3 loading (BPP),Falkenauer triplet n=120,t120_01,compact assignment MIP (10s),42.0,40.0,proven optimum,False,0.05,40.0,False,True,10.009817374986596,,,,,,,
L3 loading (BPP),Falkenauer triplet n=120,t120_02,FFD,45.0,40.0,proven optimum,False,0.125,40.0,False,True,0.0007574170012958348,,,,,,,
L3 loading (BPP),Falkenauer triplet n=120,t120_02,BFD,45.0,40.0,proven optimum,False,0.125,40.0,False,True,0.0007709579658694565,,,,,,,
L3 loading (BPP),Falkenauer triplet n=120,t120_02,"column generation (+dive, +arc-flow)",40.0,40.0,proven optimum,True,0.0,40.0,True,True,3.48880225000903,,,39.999999999999986,,390.0,False,True
L3 loading (BPP),Falkenauer triplet n=120,t120_02,compact assignment MIP (10s),42.0,40.0,proven optimum,False,0.05,40.0,False,True,10.006945500033908,,,,,,,
L3 loading (BPP),Falkenauer triplet n=120,t120_03,FFD,46.0,40.0,proven optimum,False,0.15,40.0,False,True,0.0007110000005923212,,,,,,,
L3 loading (BPP),Falkenauer triplet n=120,t120_03,BFD,46.0,40.0,proven optimum,False,0.15,40.0,False,True,0.0007415000000037253,,,,,,,
L3 loading (BPP),Falkenauer triplet n=120,t120_03,"column generation (+dive, +arc-flow)",40.0,40.0,proven optimum,True,0.0,40.0,True,True,2.909391166991554,,,39.999999999999986,,435.0,False,True
L3 loading (BPP),Falkenauer triplet n=120,t120_04,FFD,46.0,40.0,proven optimum,False,0.15,40.0,False,True,0.0007447919924743474,,,,,,,
L3 loading (BPP),Falkenauer triplet n=120,t120_04,BFD,46.0,40.0,proven optimum,False,0.15,40.0,False,True,0.000763709016609937,,,,,,,
L3 loading (BPP),Falkenauer triplet n=120,t120_04,"column generation (+dive, +arc-flow)",40.0,40.0,proven optimum,True,0.0,40.0,True,True,4.169416708056815,,,39.99999999999999,,423.0,False,True
L3 loading (BPP),Falkenauer triplet n=120,t120_05,FFD,46.0,40.0,proven optimum,False,0.15,40.0,False,True,0.0007340420270338655,,,,,,,
L3 loading (BPP),Falkenauer triplet n=120,t120_05,BFD,46.0,40.0,proven optimum,False,0.15,40.0,False,True,0.0007624169811606407,,,,,,,
L3 loading (BPP),Falkenauer triplet n=120,t120_05,"column generation (+dive, +arc-flow)",40.0,40.0,proven optimum,True,0.0,40.0,True,True,4.2861347909783944,,,40.000000000000036,,404.0,False,True
L3 loading (BPP),Falkenauer triplet n=120,t120_06,FFD,45.0,40.0,proven optimum,False,0.125,40.0,False,True,0.0007875419687479734,,,,,,,
L3 loading (BPP),Falkenauer triplet n=120,t120_06,BFD,45.0,40.0,proven optimum,False,0.125,40.0,False,True,0.0007522079977206886,,,,,,,
L3 loading (BPP),Falkenauer triplet n=120,t120_06,"column generation (+dive, +arc-flow)",40.0,40.0,proven optimum,True,0.0,40.0,True,True,0.7167074169847183,,,39.999999999999986,,422.0,True,False
L3 loading (BPP),Falkenauer triplet n=120,t120_07,FFD,46.0,40.0,proven optimum,False,0.15,40.0,False,True,0.000753958011046052,,,,,,,
L3 loading (BPP),Falkenauer triplet n=120,t120_07,BFD,46.0,40.0,proven optimum,False,0.15,40.0,False,True,0.0007647500024177134,,,,,,,
L3 loading (BPP),Falkenauer triplet n=120,t120_07,"column generation (+dive, +arc-flow)",40.0,40.0,proven optimum,True,0.0,40.0,True,True,3.0616996249882504,,,39.999999999999986,,402.0,False,True
L3 loading (BPP),Falkenauer triplet n=120,t120_08,FFD,46.0,40.0,proven optimum,False,0.15,40.0,False,True,0.000711583998054266,,,,,,,
L3 loading (BPP),Falkenauer triplet n=120,t120_08,BFD,46.0,40.0,proven optimum,False,0.15,40.0,False,True,0.0007397499866783619,,,,,,,
L3 loading (BPP),Falkenauer triplet n=120,t120_08,"column generation (+dive, +arc-flow)",40.0,40.0,proven optimum,True,0.0,40.0,True,True,1.1329109579673968,,,40.0,,420.0,True,False
L3 loading (BPP),Falkenauer triplet n=120,t120_09,FFD,45.0,40.0,proven optimum,False,0.125,40.0,False,True,0.0007544580148532987,,,,,,,
L3 loading (BPP),Falkenauer triplet n=120,t120_09,BFD,45.0,40.0,proven optimum,False,0.125,40.0,False,True,0.0009529169765301049,,,,,,,
L3 loading (BPP),Falkenauer triplet n=120,t120_09,"column generation (+dive, +arc-flow)",40.0,40.0,proven optimum,True,0.0,40.0,True,True,2.5273972919676453,,,40.0,,373.0,False,True
L3 loading (BPP),Falkenauer triplet n=120,t120_10,FFD,46.0,40.0,proven optimum,False,0.15,40.0,False,True,0.0007115830085240304,,,,,,,
L3 loading (BPP),Falkenauer triplet n=120,t120_10,BFD,46.0,40.0,proven optimum,False,0.15,40.0,False,True,0.0007428330136463046,,,,,,,
L3 loading (BPP),Falkenauer triplet n=120,t120_10,"column generation (+dive, +arc-flow)",40.0,40.0,proven optimum,True,0.0,40.0,True,True,2.592478917038534,,,39.99999999999999,,400.0,False,True
L3 loading (BPP),Falkenauer triplet n=120,t120_11,FFD,46.0,40.0,proven optimum,False,0.15,40.0,False,True,0.0007311669760383666,,,,,,,
L3 loading (BPP),Falkenauer triplet n=120,t120_11,BFD,46.0,40.0,proven optimum,False,0.15,40.0,False,True,0.0007564169936813414,,,,,,,
L3 loading (BPP),Falkenauer triplet n=120,t120_11,"column generation (+dive, +arc-flow)",40.0,40.0,proven optimum,True,0.0,40.0,True,True,3.547104708966799,,,39.999999999999986,,411.0,False,True
L3 loading (BPP),Falkenauer triplet n=120,t120_12,FFD,46.0,40.0,proven optimum,False,0.15,40.0,False,True,0.0006988749955780804,,,,,,,
L3 loading (BPP),Falkenauer triplet n=120,t120_12,BFD,46.0,40.0,proven optimum,False,0.15,40.0,False,True,0.0007237920071929693,,,,,,,
L3 loading (BPP),Falkenauer triplet n=120,t120_12,"column generation (+dive, +arc-flow)",40.0,40.0,proven optimum,True,0.0,40.0,True,True,0.5975173329934478,,,40.000000000000036,,402.0,True,False
L3 loading (BPP),Falkenauer triplet n=120,t120_13,FFD,46.0,40.0,proven optimum,False,0.15,40.0,False,True,0.0007790419622324407,,,,,,,
L3 loading (BPP),Falkenauer triplet n=120,t120_13,BFD,46.0,40.0,proven optimum,False,0.15,40.0,False,True,0.0007642910350114107,,,,,,,
L3 loading (BPP),Falkenauer triplet n=120,t120_13,"column generation (+dive, +arc-flow)",40.0,40.0,proven optimum,True,0.0,40.0,True,True,2.5504099159734324,,,40.000000000000014,,396.0,False,True
L3 loading (BPP),Falkenauer triplet n=120,t120_14,FFD,46.0,40.0,proven optimum,False,0.15,40.0,False,True,0.0007013329886831343,,,,,,,
L3 loading (BPP),Falkenauer triplet n=120,t120_14,BFD,46.0,40.0,proven optimum,False,0.15,40.0,False,True,0.0007489999989047647,,,,,,,
L3 loading (BPP),Falkenauer triplet n=120,t120_14,"column generation (+dive, +arc-flow)",40.0,40.0,proven optimum,True,0.0,40.0,True,True,2.0770035419845954,,,40.00000000000001,,391.0,False,True
L3 loading (BPP),Falkenauer triplet n=120,t120_15,FFD,46.0,40.0,proven optimum,False,0.15,40.0,False,True,0.0007234999793581665,,,,,,,
L3 loading (BPP),Falkenauer triplet n=120,t120_15,BFD,46.0,40.0,proven optimum,False,0.15,40.0,False,True,0.0007410830003209412,,,,,,,
L3 loading (BPP),Falkenauer triplet n=120,t120_15,"column generation (+dive, +arc-flow)",40.0,40.0,proven optimum,True,0.0,40.0,True,True,2.6926694159628823,,,40.0,,374.0,False,True
L3 loading (BPP),Falkenauer triplet n=120,t120_16,FFD,46.0,40.0,proven optimum,False,0.15,40.0,False,True,0.0007258330006152391,,,,,,,
L3 loading (BPP),Falkenauer triplet n=120,t120_16,BFD,46.0,40.0,proven optimum,False,0.15,40.0,False,True,0.0007385410135611892,,,,,,,
L3 loading (BPP),Falkenauer triplet n=120,t120_16,"column generation (+dive, +arc-flow)",40.0,40.0,proven optimum,True,0.0,40.0,True,True,2.896769332990516,,,40.00000000000002,,405.0,False,True
L3 loading (BPP),Falkenauer triplet n=120,t120_17,FFD,47.0,40.0,proven optimum,False,0.175,40.0,False,True,0.0007501249783672392,,,,,,,
L3 loading (BPP),Falkenauer triplet n=120,t120_17,BFD,47.0,40.0,proven optimum,False,0.175,40.0,False,True,0.0007645000005140901,,,,,,,
L3 loading (BPP),Falkenauer triplet n=120,t120_17,"column generation (+dive, +arc-flow)",40.0,40.0,proven optimum,True,0.0,40.0,True,True,3.1565837920061313,,,40.00000000000001,,441.0,False,True
L3 loading (BPP),Falkenauer triplet n=120,t120_18,FFD,46.0,40.0,proven optimum,False,0.15,40.0,False,True,0.0007372079999186099,,,,,,,
L3 loading (BPP),Falkenauer triplet n=120,t120_18,BFD,46.0,40.0,proven optimum,False,0.15,40.0,False,True,0.0007572499453090131,,,,,,,
L3 loading (BPP),Falkenauer triplet n=120,t120_18,"column generation (+dive, +arc-flow)",40.0,40.0,proven optimum,True,0.0,40.0,True,True,4.02247016702313,,,40.00000000000001,,390.0,False,True
L3 loading (BPP),Falkenauer triplet n=120,t120_19,FFD,46.0,40.0,proven optimum,False,0.15,40.0,False,True,0.0008098329999484122,,,,,,,
L3 loading (BPP),Falkenauer triplet n=120,t120_19,BFD,46.0,40.0,proven optimum,False,0.15,40.0,False,True,0.0008054590434767306,,,,,,,
L3 loading (BPP),Falkenauer triplet n=120,t120_19,"column generation (+dive, +arc-flow)",40.0,40.0,proven optimum,True,0.0,40.0,True,True,0.7729599589947611,,,40.00000000000001,,414.0,True,False
L3 loading (BPP),Falkenauer triplet n=249,t249_00,FFD,94.0,83.0,proven optimum,False,0.13253012048192772,83.0,False,True,0.001736624981276691,,,,,,,
L3 loading (BPP),Falkenauer triplet n=249,t249_00,BFD,94.0,83.0,proven optimum,False,0.13253012048192772,83.0,False,True,0.0017809579730965197,,,,,,,
L3 loading (BPP),Falkenauer triplet n=249,t249_00,"column generation (+dive, +arc-flow)",83.0,83.0,proven optimum,True,0.0,83.0,True,True,9.26501491595991,,,83.00000000000001,,662.0,False,True
L3 loading (BPP),Falkenauer triplet n=249,t249_01,FFD,95.0,83.0,proven optimum,False,0.14457831325301204,83.0,False,True,0.0017569169867783785,,,,,,,
L3 loading (BPP),Falkenauer triplet n=249,t249_01,BFD,95.0,83.0,proven optimum,False,0.14457831325301204,83.0,False,True,0.0018484170432202518,,,,,,,
L3 loading (BPP),Falkenauer triplet n=249,t249_01,"column generation (+dive, +arc-flow)",83.0,83.0,proven optimum,True,0.0,83.0,True,True,14.086373625032138,,,82.99999999999999,,709.0,False,True
L3 loading (BPP),Falkenauer triplet n=249,t249_02,FFD,94.0,83.0,proven optimum,False,0.13253012048192772,83.0,False,True,0.002185625024139881,,,,,,,
L3 loading (BPP),Falkenauer triplet n=249,t249_02,BFD,94.0,83.0,proven optimum,False,0.13253012048192772,83.0,False,True,0.001811124966479838,,,,,,,
L3 loading (BPP),Falkenauer triplet n=249,t249_02,"column generation (+dive, +arc-flow)",83.0,83.0,proven optimum,True,0.0,83.0,True,True,12.115415833017323,,,83.00000000000003,,672.0,False,True
L3 loading (BPP),Falkenauer triplet n=249,t249_03,FFD,95.0,83.0,proven optimum,False,0.14457831325301204,83.0,False,True,0.001880333002191037,,,,,,,
L3 loading (BPP),Falkenauer triplet n=249,t249_03,BFD,95.0,83.0,proven optimum,False,0.14457831325301204,83.0,False,True,0.0018007499747909606,,,,,,,
L3 loading (BPP),Falkenauer triplet n=249,t249_03,"column generation (+dive, +arc-flow)",83.0,83.0,proven optimum,True,0.0,83.0,True,True,16.532783375005238,,,83.0,,753.0,False,True
L3 loading (BPP),Falkenauer triplet n=249,t249_04,FFD,95.0,83.0,proven optimum,False,0.14457831325301204,83.0,False,True,0.0017634169780649245,,,,,,,
L3 loading (BPP),Falkenauer triplet n=249,t249_04,BFD,95.0,83.0,proven optimum,False,0.14457831325301204,83.0,False,True,0.0018316250061616302,,,,,,,
L3 loading (BPP),Falkenauer triplet n=249,t249_04,"column generation (+dive, +arc-flow)",83.0,83.0,proven optimum,True,0.0,83.0,True,True,9.788641749997623,,,83.0,,690.0,False,True
L3 loading (BPP),Falkenauer triplet n=249,t249_05,FFD,95.0,83.0,proven optimum,False,0.14457831325301204,83.0,False,True,0.0018150830292142928,,,,,,,
L3 loading (BPP),Falkenauer triplet n=249,t249_05,BFD,95.0,83.0,proven optimum,False,0.14457831325301204,83.0,False,True,0.001845375052653253,,,,,,,
L3 loading (BPP),Falkenauer triplet n=249,t249_05,"column generation (+dive, +arc-flow)",83.0,83.0,proven optimum,True,0.0,83.0,True,True,12.872963375004474,,,83.00000000000001,,696.0,True,False
L3 loading (BPP),Falkenauer triplet n=249,t249_06,FFD,95.0,83.0,proven optimum,False,0.14457831325301204,83.0,False,True,0.0017579160048626363,,,,,,,
L3 loading (BPP),Falkenauer triplet n=249,t249_06,BFD,95.0,83.0,proven optimum,False,0.14457831325301204,83.0,False,True,0.001843750011175871,,,,,,,
L3 loading (BPP),Falkenauer triplet n=249,t249_06,"column generation (+dive, +arc-flow)",83.0,83.0,proven optimum,True,0.0,83.0,True,True,12.116758625023067,,,82.99999999999999,,673.0,False,True
L3 loading (BPP),Falkenauer triplet n=249,t249_07,FFD,96.0,83.0,proven optimum,False,0.1566265060240964,83.0,False,True,0.0018718750216066837,,,,,,,
L3 loading (BPP),Falkenauer triplet n=249,t249_07,BFD,96.0,83.0,proven optimum,False,0.1566265060240964,83.0,False,True,0.0018289590370841324,,,,,,,
L3 loading (BPP),Falkenauer triplet n=249,t249_07,"column generation (+dive, +arc-flow)",83.0,83.0,proven optimum,True,0.0,83.0,True,True,2.919867750024423,,,83.0,,702.0,True,False
L3 loading (BPP),Falkenauer triplet n=249,t249_08,FFD,95.0,83.0,proven optimum,False,0.14457831325301204,83.0,False,True,0.0018257919582538307,,,,,,,
L3 loading (BPP),Falkenauer triplet n=249,t249_08,BFD,95.0,83.0,proven optimum,False,0.14457831325301204,83.0,False,True,0.0018359579844400287,,,,,,,
L3 loading (BPP),Falkenauer triplet n=249,t249_08,"column generation (+dive, +arc-flow)",83.0,83.0,proven optimum,True,0.0,83.0,True,True,5.046529458020814,,,83.0,,723.0,True,False
L3 loading (BPP),Falkenauer triplet n=249,t249_09,FFD,95.0,83.0,proven optimum,False,0.14457831325301204,83.0,False,True,0.001819166005589068,,,,,,,
L3 loading (BPP),Falkenauer triplet n=249,t249_09,BFD,95.0,83.0,proven optimum,False,0.14457831325301204,83.0,False,True,0.0018242919468320906,,,,,,,
L3 loading (BPP),Falkenauer triplet n=249,t249_09,"column generation (+dive, +arc-flow)",83.0,83.0,proven optimum,True,0.0,83.0,True,True,15.651594249997288,,,83.00000000000001,,771.0,False,True
L3 loading (BPP),Falkenauer triplet n=249,t249_10,FFD,95.0,83.0,proven optimum,False,0.14457831325301204,83.0,False,True,0.0018144159694202244,,,,,,,
L3 loading (BPP),Falkenauer triplet n=249,t249_10,BFD,95.0,83.0,proven optimum,False,0.14457831325301204,83.0,False,True,0.0019764999742619693,,,,,,,
L3 loading (BPP),Falkenauer triplet n=249,t249_10,"column generation (+dive, +arc-flow)",83.0,83.0,proven optimum,True,0.0,83.0,True,True,12.06842875003349,,,83.0,,643.0,False,True
L3 loading (BPP),Falkenauer triplet n=249,t249_11,FFD,96.0,83.0,proven optimum,False,0.1566265060240964,83.0,False,True,0.0017791250138543546,,,,,,,
L3 loading (BPP),Falkenauer triplet n=249,t249_11,BFD,96.0,83.0,proven optimum,False,0.1566265060240964,83.0,False,True,0.0018847500323317945,,,,,,,
L3 loading (BPP),Falkenauer triplet n=249,t249_11,"column generation (+dive, +arc-flow)",83.0,83.0,proven optimum,True,0.0,83.0,True,True,12.942411791998893,,,83.00000000000001,,778.0,False,True
L3 loading (BPP),Falkenauer triplet n=249,t249_12,FFD,94.0,83.0,proven optimum,False,0.13253012048192772,83.0,False,True,0.0017756670131348073,,,,,,,
L3 loading (BPP),Falkenauer triplet n=249,t249_12,BFD,94.0,83.0,proven optimum,False,0.13253012048192772,83.0,False,True,0.00185141694964841,,,,,,,
L3 loading (BPP),Falkenauer triplet n=249,t249_12,"column generation (+dive, +arc-flow)",83.0,83.0,proven optimum,True,0.0,83.0,True,True,5.766741583007388,,,82.99999999999997,,646.0,True,False
L3 loading (BPP),Falkenauer triplet n=249,t249_13,FFD,96.0,83.0,proven optimum,False,0.1566265060240964,83.0,False,True,0.0017924580024555326,,,,,,,
L3 loading (BPP),Falkenauer triplet n=249,t249_13,BFD,96.0,83.0,proven optimum,False,0.1566265060240964,83.0,False,True,0.0018324590055271983,,,,,,,
L3 loading (BPP),Falkenauer triplet n=249,t249_13,"column generation (+dive, +arc-flow)",83.0,83.0,proven optimum,True,0.0,83.0,True,True,10.506607084011193,,,82.99999999999999,,689.0,False,True
L3 loading (BPP),Falkenauer triplet n=249,t249_14,FFD,95.0,83.0,proven optimum,False,0.14457831325301204,83.0,False,True,0.0017880829982459545,,,,,,,
L3 loading (BPP),Falkenauer triplet n=249,t249_14,BFD,95.0,83.0,proven optimum,False,0.14457831325301204,83.0,False,True,0.0018802499980665743,,,,,,,
L3 loading (BPP),Falkenauer triplet n=249,t249_14,"column generation (+dive, +arc-flow)",83.0,83.0,proven optimum,True,0.0,83.0,True,True,10.87408541701734,,,82.99999999999997,,688.0,False,True
L3 loading (BPP),Falkenauer triplet n=249,t249_15,FFD,95.0,83.0,proven optimum,False,0.14457831325301204,83.0,False,True,0.0017824579845182598,,,,,,,
L3 loading (BPP),Falkenauer triplet n=249,t249_15,BFD,95.0,83.0,proven optimum,False,0.14457831325301204,83.0,False,True,0.001832874957472086,,,,,,,
L3 loading (BPP),Falkenauer triplet n=249,t249_15,"column generation (+dive, +arc-flow)",83.0,83.0,proven optimum,True,0.0,83.0,True,True,11.414354000007734,,,83.0,,696.0,False,True
L3 loading (BPP),Falkenauer triplet n=249,t249_16,FFD,96.0,83.0,proven optimum,False,0.1566265060240964,83.0,False,True,0.0017664579791016877,,,,,,,
L3 loading (BPP),Falkenauer triplet n=249,t249_16,BFD,96.0,83.0,proven optimum,False,0.1566265060240964,83.0,False,True,0.0018464589957147837,,,,,,,
L3 loading (BPP),Falkenauer triplet n=249,t249_16,"column generation (+dive, +arc-flow)",83.0,83.0,proven optimum,True,0.0,83.0,True,True,25.34274379198905,,,82.99999999999999,,718.0,False,True
L3 loading (BPP),Falkenauer triplet n=249,t249_17,FFD,94.0,83.0,proven optimum,False,0.13253012048192772,83.0,False,True,0.0018232919974252582,,,,,,,
L3 loading (BPP),Falkenauer triplet n=249,t249_17,BFD,94.0,83.0,proven optimum,False,0.13253012048192772,83.0,False,True,0.0018305000266991556,,,,,,,
L3 loading (BPP),Falkenauer triplet n=249,t249_17,"column generation (+dive, +arc-flow)",83.0,83.0,proven optimum,True,0.0,83.0,True,True,29.292755917005707,,,83.00000000000001,,673.0,True,True
L3 loading (BPP),Falkenauer triplet n=249,t249_18,FFD,94.0,83.0,proven optimum,False,0.13253012048192772,83.0,False,True,0.0017970000044442713,,,,,,,
L3 loading (BPP),Falkenauer triplet n=249,t249_18,BFD,94.0,83.0,proven optimum,False,0.13253012048192772,83.0,False,True,0.0018484580214135349,,,,,,,
L3 loading (BPP),Falkenauer triplet n=249,t249_18,"column generation (+dive, +arc-flow)",83.0,83.0,proven optimum,True,0.0,83.0,True,True,13.070669375010766,,,83.00000000000001,,636.0,False,True
L3 loading (BPP),Falkenauer triplet n=249,t249_19,FFD,96.0,83.0,proven optimum,False,0.1566265060240964,83.0,False,True,0.0017157080001197755,,,,,,,
L3 loading (BPP),Falkenauer triplet n=249,t249_19,BFD,96.0,83.0,proven optimum,False,0.1566265060240964,83.0,False,True,0.0018056670087389648,,,,,,,
L3 loading (BPP),Falkenauer triplet n=249,t249_19,"column generation (+dive, +arc-flow)",83.0,83.0,proven optimum,True,0.0,83.0,True,True,9.499938166001812,,,83.00000000000007,,899.0,False,True
L3 loading (BPP),Falkenauer triplet n=501,t501_00,FFD,190.0,167.0,proven optimum,False,0.1377245508982036,167.0,False,True,0.004853292019106448,,,,,,,
L3 loading (BPP),Falkenauer triplet n=501,t501_00,BFD,190.0,167.0,proven optimum,False,0.1377245508982036,167.0,False,True,0.00535975000821054,,,,,,,
L3 loading (BPP),Falkenauer triplet n=501,t501_00,"column generation (+dive, +arc-flow)",167.0,167.0,proven optimum,True,0.0,167.0,True,True,5.202102417009883,,,167.00000000000006,,944.0,True,False
L3 loading (BPP),Falkenauer triplet n=501,t501_01,FFD,191.0,167.0,proven optimum,False,0.1437125748502994,167.0,False,True,0.004775125009473413,,,,,,,
L3 loading (BPP),Falkenauer triplet n=501,t501_01,BFD,191.0,167.0,proven optimum,False,0.1437125748502994,167.0,False,True,0.004838124965317547,,,,,,,
L3 loading (BPP),Falkenauer triplet n=501,t501_01,"column generation (+dive, +arc-flow)",167.0,167.0,proven optimum,True,0.0,167.0,True,True,12.39759204100119,,,167.0,,936.0,True,False
L3 loading (BPP),Falkenauer triplet n=501,t501_02,FFD,190.0,167.0,proven optimum,False,0.1377245508982036,167.0,False,True,0.0053765830234624445,,,,,,,
L3 loading (BPP),Falkenauer triplet n=501,t501_02,BFD,190.0,167.0,proven optimum,False,0.1377245508982036,167.0,False,True,0.0050753329996950924,,,,,,,
L3 loading (BPP),Falkenauer triplet n=501,t501_02,"column generation (+dive, +arc-flow)",167.0,167.0,proven optimum,True,0.0,167.0,True,True,39.047638625022955,,,167.00000000000009,,1080.0,False,True
L3 loading (BPP),Falkenauer triplet n=501,t501_03,FFD,190.0,167.0,proven optimum,False,0.1377245508982036,167.0,False,True,0.004954207979608327,,,,,,,
L3 loading (BPP),Falkenauer triplet n=501,t501_03,BFD,190.0,167.0,proven optimum,False,0.1377245508982036,167.0,False,True,0.005134459002874792,,,,,,,
L3 loading (BPP),Falkenauer triplet n=501,t501_03,"column generation (+dive, +arc-flow)",167.0,167.0,proven optimum,True,0.0,167.0,True,True,23.095194292021915,,,167.00000000000003,,957.0,True,False
L3 loading (BPP),Falkenauer triplet n=501,t501_04,FFD,191.0,167.0,proven optimum,False,0.1437125748502994,167.0,False,True,0.005009500018786639,,,,,,,
L3 loading (BPP),Falkenauer triplet n=501,t501_04,BFD,191.0,167.0,proven optimum,False,0.1437125748502994,167.0,False,True,0.005181125015951693,,,,,,,
L3 loading (BPP),Falkenauer triplet n=501,t501_04,"column generation (+dive, +arc-flow)",167.0,167.0,proven optimum,True,0.0,167.0,True,True,47.77328112500254,,,166.99999999999994,,1151.0,True,True
L3 loading (BPP),Falkenauer triplet n=501,t501_05,FFD,190.0,167.0,proven optimum,False,0.1377245508982036,167.0,False,True,0.005240540951490402,,,,,,,
L3 loading (BPP),Falkenauer triplet n=501,t501_05,BFD,190.0,167.0,proven optimum,False,0.1377245508982036,167.0,False,True,0.005403958028182387,,,,,,,
L3 loading (BPP),Falkenauer triplet n=501,t501_05,"column generation (+dive, +arc-flow)",167.0,167.0,proven optimum,True,0.0,167.0,True,True,24.114812958985567,,,167.0,,1183.0,True,False
L3 loading (BPP),Falkenauer triplet n=501,t501_06,FFD,190.0,167.0,proven optimum,False,0.1377245508982036,167.0,False,True,0.004959999991115183,,,,,,,
L3 loading (BPP),Falkenauer triplet n=501,t501_06,BFD,190.0,167.0,proven optimum,False,0.1377245508982036,167.0,False,True,0.005230957991443574,,,,,,,
L3 loading (BPP),Falkenauer triplet n=501,t501_06,"column generation (+dive, +arc-flow)",167.0,167.0,proven optimum,True,0.0,167.0,True,True,49.86129541596165,,,167.00000000000003,,1302.0,True,True
L3 loading (BPP),Falkenauer triplet n=501,t501_07,FFD,189.0,167.0,proven optimum,False,0.1317365269461078,167.0,False,True,0.005011417029891163,,,,,,,
L3 loading (BPP),Falkenauer triplet n=501,t501_07,BFD,189.0,167.0,proven optimum,False,0.1317365269461078,167.0,False,True,0.005084000003989786,,,,,,,
L3 loading (BPP),Falkenauer triplet n=501,t501_07,"column generation (+dive, +arc-flow)",167.0,167.0,proven optimum,True,0.0,167.0,True,True,9.702296582981944,,,167.0,,1231.0,True,False
L3 loading (BPP),Falkenauer triplet n=501,t501_08,FFD,191.0,167.0,proven optimum,False,0.1437125748502994,167.0,False,True,0.004924874985590577,,,,,,,
L3 loading (BPP),Falkenauer triplet n=501,t501_08,BFD,191.0,167.0,proven optimum,False,0.1437125748502994,167.0,False,True,0.005051375017501414,,,,,,,
L3 loading (BPP),Falkenauer triplet n=501,t501_08,"column generation (+dive, +arc-flow)",167.0,167.0,proven optimum,True,0.0,167.0,True,True,46.58944004098885,,,167.0,,1109.0,True,True
L3 loading (BPP),Falkenauer triplet n=501,t501_09,FFD,190.0,167.0,proven optimum,False,0.1377245508982036,167.0,False,True,0.004937041027005762,,,,,,,
L3 loading (BPP),Falkenauer triplet n=501,t501_09,BFD,190.0,167.0,proven optimum,False,0.1377245508982036,167.0,False,True,0.005973166029434651,,,,,,,
L3 loading (BPP),Falkenauer triplet n=501,t501_09,"column generation (+dive, +arc-flow)",167.0,167.0,proven optimum,True,0.0,167.0,True,True,23.482961499947123,,,166.99999999999991,,1174.0,True,False
L3 loading (BPP),Falkenauer triplet n=501,t501_10,FFD,190.0,167.0,proven optimum,False,0.1377245508982036,167.0,False,True,0.005055667017586529,,,,,,,
L3 loading (BPP),Falkenauer triplet n=501,t501_10,BFD,190.0,167.0,proven optimum,False,0.1377245508982036,167.0,False,True,0.005029666004702449,,,,,,,
L3 loading (BPP),Falkenauer triplet n=501,t501_10,"column generation (+dive, +arc-flow)",167.0,167.0,proven optimum,True,0.0,167.0,True,True,39.77279491699301,,,166.99999999999994,,979.0,False,True
L3 loading (BPP),Falkenauer triplet n=501,t501_11,FFD,190.0,167.0,proven optimum,False,0.1377245508982036,167.0,False,True,0.005038540984969586,,,,,,,
L3 loading (BPP),Falkenauer triplet n=501,t501_11,BFD,190.0,167.0,proven optimum,False,0.1377245508982036,167.0,False,True,0.005009374988730997,,,,,,,
L3 loading (BPP),Falkenauer triplet n=501,t501_11,"column generation (+dive, +arc-flow)",167.0,167.0,proven optimum,True,0.0,167.0,True,True,25.433244916959666,,,166.99999999999997,,1418.0,True,False
L3 loading (BPP),Falkenauer triplet n=501,t501_12,FFD,190.0,167.0,proven optimum,False,0.1377245508982036,167.0,False,True,0.004825958050787449,,,,,,,
L3 loading (BPP),Falkenauer triplet n=501,t501_12,BFD,190.0,167.0,proven optimum,False,0.1377245508982036,167.0,False,True,0.004977833013981581,,,,,,,
L3 loading (BPP),Falkenauer triplet n=501,t501_12,"column generation (+dive, +arc-flow)",167.0,167.0,proven optimum,True,0.0,167.0,True,True,42.49097462504869,,,166.99999999999997,,1138.0,False,True
L3 loading (BPP),Falkenauer triplet n=501,t501_13,FFD,190.0,167.0,proven optimum,False,0.1377245508982036,167.0,False,True,0.004843416973017156,,,,,,,
L3 loading (BPP),Falkenauer triplet n=501,t501_13,BFD,190.0,167.0,proven optimum,False,0.1377245508982036,167.0,False,True,0.005172792007215321,,,,,,,
L3 loading (BPP),Falkenauer triplet n=501,t501_13,"column generation (+dive, +arc-flow)",167.0,167.0,proven optimum,True,0.0,167.0,True,True,40.48547458398389,,,167.0,,1027.0,False,True
L3 loading (BPP),Falkenauer triplet n=501,t501_14,FFD,189.0,167.0,proven optimum,False,0.1317365269461078,167.0,False,True,0.0049748330493457615,,,,,,,
L3 loading (BPP),Falkenauer triplet n=501,t501_14,BFD,189.0,167.0,proven optimum,False,0.1317365269461078,167.0,False,True,0.005065083969384432,,,,,,,
L3 loading (BPP),Falkenauer triplet n=501,t501_14,"column generation (+dive, +arc-flow)",167.0,167.0,proven optimum,True,0.0,167.0,True,True,39.59277629101416,,,166.99999999999991,,1333.0,False,True
L3 loading (BPP),Falkenauer triplet n=501,t501_15,FFD,190.0,167.0,proven optimum,False,0.1377245508982036,167.0,False,True,0.004953375027980655,,,,,,,
L3 loading (BPP),Falkenauer triplet n=501,t501_15,BFD,190.0,167.0,proven optimum,False,0.1377245508982036,167.0,False,True,0.004999291035346687,,,,,,,
L3 loading (BPP),Falkenauer triplet n=501,t501_15,"column generation (+dive, +arc-flow)",167.0,167.0,proven optimum,True,0.0,167.0,True,True,23.829011792025995,,,167.0,,1114.0,True,False
L3 loading (BPP),Falkenauer triplet n=501,t501_16,FFD,189.0,167.0,proven optimum,False,0.1317365269461078,167.0,False,True,0.005552957998588681,,,,,,,
L3 loading (BPP),Falkenauer triplet n=501,t501_16,BFD,189.0,167.0,proven optimum,False,0.1317365269461078,167.0,False,True,0.005427833006251603,,,,,,,
L3 loading (BPP),Falkenauer triplet n=501,t501_16,"column generation (+dive, +arc-flow)",167.0,167.0,proven optimum,True,0.0,167.0,True,True,11.774636875023134,,,167.00000000000003,,1171.0,True,False
L3 loading (BPP),Falkenauer triplet n=501,t501_17,FFD,191.0,167.0,proven optimum,False,0.1437125748502994,167.0,False,True,0.005443333997391164,,,,,,,
L3 loading (BPP),Falkenauer triplet n=501,t501_17,BFD,191.0,167.0,proven optimum,False,0.1437125748502994,167.0,False,True,0.00530312501359731,,,,,,,
L3 loading (BPP),Falkenauer triplet n=501,t501_17,"column generation (+dive, +arc-flow)",167.0,167.0,proven optimum,True,0.0,167.0,True,True,25.01287479203893,,,167.0,,1539.0,True,False
L3 loading (BPP),Falkenauer triplet n=501,t501_18,FFD,189.0,167.0,proven optimum,False,0.1317365269461078,167.0,False,True,0.005005042010452598,,,,,,,
L3 loading (BPP),Falkenauer triplet n=501,t501_18,BFD,189.0,167.0,proven optimum,False,0.1317365269461078,167.0,False,True,0.005142458016052842,,,,,,,
L3 loading (BPP),Falkenauer triplet n=501,t501_18,"column generation (+dive, +arc-flow)",167.0,167.0,proven optimum,True,0.0,167.0,True,True,45.443666959006805,,,167.00000000000003,,922.0,True,True
L3 loading (BPP),Falkenauer triplet n=501,t501_19,FFD,191.0,167.0,proven optimum,False,0.1437125748502994,167.0,False,True,0.004978790995664895,,,,,,,
L3 loading (BPP),Falkenauer triplet n=501,t501_19,BFD,191.0,167.0,proven optimum,False,0.1437125748502994,167.0,False,True,0.004911041003651917,,,,,,,
L3 loading (BPP),Falkenauer triplet n=501,t501_19,"column generation (+dive, +arc-flow)",167.0,167.0,proven optimum,True,0.0,167.0,True,True,39.91019820899237,,,167.00000000000009,,951.0,False,True
